Workbook

Sheet AccountDağılımı 2026
A1: 2025-4 Satış Yöneticisi | B1: 2026-1 Satış Yöneticisi | C1: Proje | D1: 2025 Yeni Satış TL | E1: 2025 Yenileme TL | F1: 2026 HEDEF Yeni Satış | G1: 2026 HEDEF Yenileme TL | H1: Durum | I1: Sınıf | J1: Sınıf-2 | K1: Müşteri | L1: Ana Sektör | M1: Alt Sektör | N1: BFH Fırsatına göre | O1: Komplex İhtiyaçları Var mı? | P1: Şehir | Q1: Ürünler | R1: Risk Var mı?
A2: Begüm Hayta | B2: Begüm Hayta | C2: ABC Deterjan | D2: 2658550 | F2: =D2*(1+56%) -> 4147338 | G2: =E2*(1+56%) -> 0 | H2: Yeni | I2: 3 | J2: 3 | K2: ABC Deterjan | L2: FMCG | M2: Temizlik Deterjan | N2: Var | O2: Hayır | P2: İstanbul | Q2: Enroute | R2: Hayır
A3: Semih Balaban | B3: Begüm Hayta | C3: ALPEDO | D3: 5150520 | E3: 1116214.9 | F3: =D3*(1+56%) -> 8034811.2 | G3: =E3*(1+56%) -> 1741295.2 | H3: Aktif | I3: 3 | J3: 3 | K3: ALPEDO | L3: FMCG | M3: Gıda | N3: Var | O3: Hayır | P3: Kahramanmaraş | Q3: Enroute | R3: Hayır
A4: Nigar Uygun | B4: Begüm Hayta | C4: ALTIPARMAK-BALPARMAK | D4: 0 | E4: 1769359.7 | F4: =D4*(1+56%) -> 0 | G4: =E4*(1+56%) -> 2760201.1 | H4: Aktif | I4: 3 | J4: 3 | K4: ALTIPARMAK-BALPARMAK | L4: FMCG | M4: Gıda | N4: Var | O4: Hayır | P4: İstanbul | Q4: Enroute | R4: Hayır
A5: Begüm Hayta | B5: Begüm Hayta | C5: ÇAYKUR | D5: 1678630 | E5: 2533873.3 | F5: =D5*(1+56%) -> 2618662.8 | G5: =E5*(1+56%) -> 3952842.4 | H5: Aktif | I5: 2 | J5: 2 | K5: ÇAYKUR | L5: FMCG | M5: Çay | N5: Var | O5: Hayır | P5: Rize | Q5: Eroute, Stokbar | R5: Hayır
A6: Onur Günay | B6: Begüm Hayta | C6: DANONE TIKVESLI | D6: 105352.91 | E6: 2174000 | F6: =D6*(1+56%) -> 164350.54 | G6: =E6*(1+56%) -> 3391440 | H6: Sonlanıyor | I6: Key Account | J6: Key Account | K6: DANONE | L6: FMCG | M6: Gıda | N6: Yok | O6: Hayır | P6: İstanbul | Q6: Enroute | R6: Sonlandı
A7: Onur Günay | B7: Begüm Hayta | C7: DANONE WATERS | D7: 0 | E7: 2016738.3 | F7: =D7*(1+56%) -> 0 | G7: =E7*(1+56%) -> 3146111.7 | H7: Sonlanıyor | I7: Key Account | J7: Key Account | K7: DANONE | L7: FMCG | M7: Gıda | N7: Yok | O7: Hayır | P7: İstanbul | Q7: Enroute | R7: Sonlandı
A8: Begüm Hayta | B8: Begüm Hayta | C8: DARDANEL | D8: 156215 | E8: 2709095.9 | F8: =D8*(1+56%) -> 243695.4 | G8: =E8*(1+56%) -> 4226189.7 | H8: Aktif | I8: 2 | J8: 2 | K8: DARDANEL | L8: FMCG | M8: Gıda | N8: Var | O8: Evet | P8: İstanbul | Q8: Enroute | R8: Hayır
A9: Nigar Uygun | B9: Begüm Hayta | C9: DOGADAN | D9: 12250 | E9: 259285 | F9: =D9*(1+56%) -> 19110 | G9: =E9*(1+56%) -> 404484.6 | H9: Aktif | I9: 3 | J9: 3 | K9: DOGADAN | L9: FMCG | M9: Çay | N9: Yok | O9: Hayır | P9: İstanbul | Q9: Quest | R9: Evet
A10: Begüm Hayta | B10: Begüm Hayta | C10: DOGUS CAY | D10: 6828520 | E10: =2945269.38+7644633 -> 10589902 | F10: =D10*(1+56%) -> 10652491 | G10: =E10*(1+56%) -> 16520248 | H10: Aktif | I10: 2 | J10: Key Account | K10: DOGUS CAY | L10: FMCG | M10: Çay | N10: Var | O10: Hayır | P10: İstanbul | Q10: Enroute, Quest, Stokbar | R10: Hayır
A11: Mülkiye Akdoğaner | B11: Begüm Hayta | C11: HARIBO | D11: 1372187.8 | E11: 4496625.1 | F11: =D11*(1+56%) -> 2140612.9 | G11: =E11*(1+56%) -> 7014735.1 | H11: Aktif | I11: 3 | J11: Key Account | K11: HARIBO | L11: FMCG | M11: Atıştırmalık | N11: Var | O11: Hayır | P11: İstanbul | Q11: Enroute | R11: Hayır
A12: Begüm Hayta | B12: Begüm Hayta | C12: KENT GIDA | D12: 8939309.2 | E12: 3586227.2 | F12: =D12*(1+56%) -> 13945322 | G12: =E12*(1+56%) -> 5594514.4 | H12: Aktif | I12: Key Account | J12: Key Account | K12: KENT GIDA | L12: FMCG | M12: Atıştırmalık | N12: Var | O12: Evet | P12: İstanbul | Q12: Eroute, Stokbar | R12: Hayır
A13: Mülkiye Akdoğaner | B13: Begüm Hayta | C13: LA LORRAINE | D13: 411951.43 | E13: 2829212.7 | F13: =D13*(1+56%) -> 642644.23 | G13: =E13*(1+56%) -> 4413571.9 | H13: Aktif | I13: 3 | J13: 3 | K13: LA LORRAINE | L13: FMCG | M13: Gıda | N13: Var | O13: Hayır | P13: İstanbul | Q13: Enroute | R13: Hayır
A14: Begüm Hayta | B14: Begüm Hayta | C14: MARS GIDA | E14: 3326577.1 | F14: =D14*(1+56%) -> 0 | G14: =E14*(1+56%) -> 5189460.3 | H14: Aktif | I14: 2 | J14: 2 | K14: MARS GIDA | L14: FMCG | M14: Atıştırmalık | N14: Var | O14: Hayır | P14: İstanbul | Q14: Enroute | R14: Hayır
A15: Begüm Hayta | B15: Begüm Hayta | C15: NESTLE PROFESIONAL | D15: 631665.75 | E15: 2627689.6 | F15: =D15*(1+56%) -> 985398.57 | G15: =E15*(1+56%) -> 4099195.8 | H15: Aktif | I15: 1 | J15: Key Account | K15: NESTLE | L15: FMCG | M15: Atıştırmalık | N15: Var | O15: Evet | P15: İstanbul | Q15: Enroute, Quest | R15: Hayır
A16: Begüm Hayta | B16: Begüm Hayta | C16: NESTLE RETAIL | D16: 1424156.2 | E16: 6731205 | F16: =D16*(1+56%) -> 2221683.6 | G16: =E16*(1+56%) -> 10500680 | H16: Aktif | I16: Key Account | J16: Key Account | K16: NESTLE | L16: FMCG | M16: Atıştırmalık | N16: Var | O16: Evet | P16: İstanbul | Q16: Enroute, Quest | R16: Evet
A17: Begüm Hayta | B17: Begüm Hayta | C17: NESTLE ROM | D17: 232172.85 | E17: 518720.73 | F17: =D17*(1+56%) -> 362189.65 | G17: =E17*(1+56%) -> 809204.34 | H17: Aktif | I17: Key Account | J17: Key Account | K17: NESTLE | L17: FMCG | M17: Atıştırmalık | N17: Var | O17: Evet | P17: İstanbul | Q17: Enroute, Quest | R17: Hayır
A18: Begüm Hayta | B18: Begüm Hayta | C18: NESTLE WATERS | D18: 171500 | E18: 518720.73 | F18: =D18*(1+56%) -> 267540 | G18: =E18*(1+56%) -> 809204.34 | H18: Aktif | I18: 1 | J18: Key Account | K18: NESTLE | L18: FMCG | M18: Atıştırmalık | N18: Var | O18: Evet | P18: İstanbul | Q18: Enroute, Quest | R18: Hayır
A19: Begüm Hayta | B19: Begüm Hayta | C19: NESTLE STARBUCKS | D19: 293200.89 | E19: 3284980.9 | F19: =D19*(1+56%) -> 457393.39 | G19: =E19*(1+56%) -> 5124570.3 | H19: Aktif | I19: 1 | J19: Key Account | K19: NESTLE | L19: FMCG | M19: Atıştırmalık | N19: Var | O19: Evet | P19: İstanbul | Q19: Stokbar | R19: Hayır
A20: Semih Balaban | B20: Begüm Hayta | C20: OFÇAY - EFOR ÇAY | E20: 1041939.7 | F20: =D20*(1+56%) -> 0 | G20: =E20*(1+56%) -> 1625425.9 | H20: Aktif | I20: 3 | J20: 3 | K20: OFÇAY - EFOR ÇAY | L20: FMCG | M20: Çay | N20: Var | O20: Hayır | P20: İstanbul | Q20: Enroute | R20: Hayır
A21: Semih Balaban | B21: Begüm Hayta | C21: ÖZGÖRKEY | D21: 254340.05 | E21: 1059355.2 | F21: =D21*(1+56%) -> 396770.48 | G21: =E21*(1+56%) -> 1652594.1 | H21: Aktif | I21: 3 | J21: 3 | K21: ÖZGÖRKEY | L21: FMCG | M21: Gıda | N21: Var | O21: Hayır | P21: İzmir | Q21: Eroute, Stokbar | R21: Hayır
A22: Semih Balaban | B22: Begüm Hayta | C22: SEN PILIC | D22: 1325245 | E22: 3600551.5 | F22: =D22*(1+56%) -> 2067382.2 | G22: =E22*(1+56%) -> 5616860.4 | H22: Aktif | I22: 2 | J22: Key Account | K22: SEN PILIC | L22: FMCG | M22: Gıda | N22: Var | O22: Hayır | P22: İstanbul | Q22: Enroute | R22: Hayır
A23: Semih Balaban | B23: Begüm Hayta | C23: SÖLEN | D23: 2017419.6 | E23: 2000000 | F23: =D23*(1+56%) -> 3147174.6 | G23: =E23*(1+56%) -> 3120000 | H23: Aktif | I23: Key Account | J23: Key Account | K23: SÖLEN | L23: FMCG | M23: Atıştırmalık | N23: Var | O23: Hayır | P23: İstanbul | Q23: Enroute | R23: Hayır
A24: Onur Günay | B24: Begüm Hayta | C24: SÖLEN IRAK | D24: 0 | E24: 0 | F24: =D24*(1+56%) -> 0 | G24: =E24*(1+56%) -> 0 | H24: Aktif | I24: Key Account | J24: Key Account | K24: SÖLEN IRAK | L24: FMCG | M24: Atıştırmalık | N24: Var | O24: Hayır | P24: İstanbul | Q24: Enroute | R24: Hayır
A25: Mülkiye Akdoğaner | B25: Begüm Hayta | C25: MAGNUM AŞ | F25: =D25*(1+56%) -> 0 | G25: =E25*(1+56%) -> 0 | H25: Aktif | I25: Key Account | J25: Key Account | K25: MAGNUM AŞ | L25: FMCG | M25: Atıştırmalık | N25: Var | O25: Hayır | P25: İstanbul | Q25: Stokbar | R25: Hayır
A26: BFG | B26: BFG | C26: BFG | D26: 4980743 | F26: =D26*(1+230%) -> 16436452 | H26: Aktif | K26: BFG | L26: BFG | M26: BFG | N26: Var | Q26: BFG
A27: Param Grup | B27: Dilara Bogu | C27: Grup Şirketleri | D27: 5820315 | G27: =D27*(1+30%) -> 7566409.5 | H27: Aktif | K27: Grup Şirketleri | L27: Grup Şirketleri | M27: Grup Şirketleri
A28: E-Dönüşüm | B28: E-Dönüşüm | C28: E-Dönüşüm | D28: 25326464 | F28: =D28*(1+200%) -> 75979392 | H28: Aktif | K28: E-Dönüşüm | L28: E-Dönüşüm | M28: E-Dönüşüm | N28: Var | Q28: E-Dönüşüm
A29: Semih Balaban | B29: İptal | C29: ANA GIDA- BUNGE GIDA | D29: 0 | E29: 0 | F29: =D29*(1+56%) -> 0 | G29: =E29*(1+56%) -> 0 | H29: Sonlandı | I29: 3 | J29: 3 | K29: ANA GIDA- BUNGE GIDA | L29: FMCG | M29: Gıda | N29: Yok | O29: Hayır | P29: İstanbul | Q29: Enroute, Quest | R29: Sonlandı
A30: Semih Balaban | B30: İptal | C30: AROMA | D30: 0 | E30: 0 | F30: =D30*(1+56%) -> 0 | G30: =E30*(1+56%) -> 0 | H30: Hold | I30: 3 | J30: 3 | K30: AROMA | L30: FMCG | M30: İçecek | N30: Yok | O30: Hayır | P30: Bursa | Q30: Enroute | R30: Sonlandı
A31: Nigar Uygun | B31: İptal | C31: AZTEK | D31: 0 | E31: 0 | F31: =D31*(1+56%) -> 0 | G31: =E31*(1+56%) -> 0 | H31: Sonlandı | I31: 4 | J31: 4 | K31: AZTEK | L31: Sağlık | M31: Tıbbi Malzeme | N31: Yok | O31: Hayır | P31: İstanbul | Q31: Stokbar | R31: Sonlandı
A32: Mülkiye Akdoğaner | B32: İptal | C32: DOGANAY | D32: 0 | E32: 1850243.7 | F32: =D32*(1+56%) -> 0 | G32: =E32*(1+56%) -> 2886380.2 | H32: Sonlandı | I32: 3 | J32: 3 | K32: DOGANAY | L32: FMCG | M32: Çay | N32: Yok | O32: Hayır | P32: İstanbul | Q32: Enroute | R32: Sonlandı
A33: Mülkiye Akdoğaner | B33: İptal | C33: DOĞAN TREND | D33: 2691515 | E33: 2569397.5 | F33: =D33*(1+56%) -> 4198763.5 | G33: =E33*(1+56%) -> 4008260.1 | H33: Sonlandı | I33: Key Account | J33: Key Account | K33: DOĞAN TREND | L33: Otomotiv | M33: Distribütör | N33: Yok | O33: Hayır | P33: İstanbul | Q33: Calldesk, Enroute | R33: Sonlandı
A34: Onur Günay | B34: İptal | C34: EFES AZERBAYCAN | D34: 0 | E34: 0 | F34: =D34*(1+56%) -> 0 | G34: =E34*(1+56%) -> 0 | H34: Sonlandı | I34: 1 | J34: 1 | K34: EFES AZERBAYCAN | L34: FMCG | M34: Alkol | N34: Yok | O34: Hayır | P34: Yurtdışı | Q34: Enroute | R34: Sonlandı
A35: Semih Balaban | B35: İptal | C35: EFES BELARUS | D35: 0 | E35: 355656.33 | F35: =D35*(1+56%) -> 0 | G35: =E35*(1+56%) -> 554823.88 | H35: Sonlandı | I35: 1 | J35: 1 | K35: EFES BELARUS | L35: FMCG | M35: Alkol | N35: Yok | O35: Hayır | P35: Yurtdışı | Q35: Enroute | R35: Sonlandı
A36: Onur Günay | B36: İptal | C36: EFES KIBRIS | D36: 0 | E36: 0 | F36: =D36*(1+56%) -> 0 | G36: =E36*(1+56%) -> 0 | H36: Sonlandı | I36: 4 | J36: 4 | K36: EFES KIBRIS | L36: FMCG | M36: Alkol | N36: Yok | O36: Hayır | P36: Yurtdışı | Q36: Enroute | R36: Sonlandı
A37: Onur Günay | B37: İptal | C37: EFES TÜRKIYE | D37: 67600 | E37: 0 | F37: =D37*(1+56%) -> 105456 | G37: =E37*(1+56%) -> 0 | H37: Sonlandı | I37: 1 | J37: 1 | K37: EFES TÜRKIYE | L37: FMCG | M37: Alkol | N37: Yok | O37: Hayır | P37: İstanbul | Q37: Enroute | R37: Sonlandı
A38: Mülkiye Akdoğaner | B38: İptal | C38: EGETAV | D38: 0 | E38: 0 | F38: =D38*(1+56%) -> 0 | G38: =E38*(1+56%) -> 0 | H38: Sonlandı | I38: 4 | J38: 4 | K38: EGETAV | L38: Havacılık | M38: Yer Hizmetleri | N38: Yok | O38: Hayır | P38: İstanbul | Q38: Stokbar | R38: Sonlandı
A39: Begüm Hayta | B39: İptal | C39: ENERJISA | D39: 0 | E39: 262535.18 | F39: =D39*(1+56%) -> 0 | G39: =E39*(1+56%) -> 409554.88 | H39: Sonlandı | I39: 3 | J39: 3 | K39: ENERJISA | L39: Enerji | M39: Enerji | N39: Yok | O39: Hayır | P39: İstanbul | Q39: Quest | R39: Sonlandı
A40: Onur Günay | B40: İptal | C40: HENKEL | D40: 28000 | E40: 2179129.7 | F40: =D40*(1+56%) -> 43680 | G40: =E40*(1+56%) -> 3399442.3 | H40: Sonlandı | I40: 2 | J40: 2 | K40: HENKEL | L40: FMCG | M40: Temizlik Deterjan | N40: Yok | O40: Hayır | P40: İstanbul | Q40: Enroute | R40: Sonlandı
A41: Begüm Hayta | B41: İptal | C41: IGA | D41: 0 | E41: 0 | F41: =D41*(1+56%) -> 0 | G41: =E41*(1+56%) -> 0 | H41: Sonlandı | I41: 4 | J41: 4 | K41: IGA | L41: Havacılık | M41: Yer Hizmetleri | N41: Yok | O41: Hayır | P41: İstanbul | Q41: Stokbar | R41: Sonlandı
A42: Mülkiye Akdoğaner | B42: İptal | C42: JTI SUDAN | D42: 0 | E42: 0 | F42: =D42*(1+56%) -> 0 | G42: =E42*(1+56%) -> 0 | H42: Hold | I42: 1 | J42: 1 | K42: JTI SUDAN | L42: FMCG | M42: Tütün | N42: Yok | O42: Hayır | P42: Yurtdışı | Q42: Enroute | R42: Sonlandı
A43: Semih Balaban | B43: İptal | C43: LILA KAGIT | D43: 0 | E43: 212800.26 | F43: =D43*(1+56%) -> 0 | G43: =E43*(1+56%) -> 331968.41 | H43: Sonlandı | I43: 4 | J43: 4 | K43: LILA KAGIT | L43: FMCG | M43: Temizlik Deterjan | N43: Yok | O43: Hayır | P43: İstanbul | Q43: Quest | R43: Sonlandı
A44: Semih Balaban | B44: İptal | C44: MARNAK LOJISTIK | D44: 0 | E44: 0 | F44: =D44*(1+56%) -> 0 | G44: =E44*(1+56%) -> 0 | H44: Sonlandı | I44: 4 | J44: 4 | K44: MARNAK LOJISTIK | L44: FMCG | M44: Dağıtıcı | N44: Yok | O44: Hayır | P44: İstanbul | Q44: Enroute | R44: Sonlandı
A45: Semih Balaban | B45: İptal | C45: OYAK GRUP - SATEM | D45: 57050 | E45: 5909229.3 | F45: =D45*(1+56%) -> 88998 | G45: =E45*(1+56%) -> 9218397.8 | H45: Sonlandı | I45: Key Account | J45: Key Account | K45: OYAK GRUP - SATEM | L45: FMCG | M45: Dağıtıcı | N45: Yok | O45: Hayır | P45: İstanbul | Q45: Enroute, Quest, Stokbar | R45: Sonlandı
A46: Mülkiye Akdoğaner | B46: İptal | C46: PETLAS | D46: 0 | E46: 0 | F46: =D46*(1+56%) -> 0 | G46: =E46*(1+56%) -> 0 | H46: Sonlandı | I46: 4 | J46: 4 | K46: PETLAS | L46: Otomotiv | M46: Lastik Üretimi | N46: Yok | O46: Hayır | P46: İstanbul | Q46: Stokbar | R46: Sonlandı
A47: Mülkiye Akdoğaner | B47: İptal | C47: PİLOTCAR | D47: 0 | E47: 0 | F47: =D47*(1+56%) -> 0 | G47: =E47*(1+56%) -> 0 | H47: Sonlandı | I47: 4 | J47: 4 | K47: PİLOTCAR | L47: Otomotiv | M47: Eektrikli Araç | N47: Yok | O47: Hayır | P47: Bursa | Q47: Calldesk | R47: Sonlandı
A48: Onur Günay | B48: İptal | C48: SCHWARZKOPF HENKEL | D48: 0 | E48: 0 | F48: =D48*(1+56%) -> 0 | G48: =E48*(1+56%) -> 0 | H48: Sonlandı | I48: 3 | J48: 3 | K48: SCHWARZKOPF HENKEL | L48: FMCG | M48: Kozmetik | N48: Yok | O48: Hayır | P48: İstanbul | Q48: Enroute | R48: Sonlandı
A49: Onur Günay | B49: İptal | C49: SEBA ASC | D49: 0 | E49: 0 | F49: =D49*(1+56%) -> 0 | G49: =E49*(1+56%) -> 0 | H49: Sonlandı | I49: 1 | J49: 1 | K49: SEBA ASC | L49: FMCG | M49: Gıda | N49: Yok | O49: Hayır | P49: İstanbul | Q49: Stokbar | R49: Sonlandı
A50: Nigar Uygun | B50: İptal | C50: SOLGAR | D50: 0 | E50: 0 | F50: =D50*(1+56%) -> 0 | G50: =E50*(1+56%) -> 0 | H50: Sonlandı | I50: 4 | J50: 4 | K50: SOLGAR | L50: Sağlık | M50: İlaç Üreticisi | N50: Yok | O50: Hayır | P50: İstanbul | Q50: Stokbar | R50: Sonlandı
A51: Mülkiye Akdoğaner | B51: İptal | C51: SUZUKI | D51: 0 | E51: 0 | F51: =D51*(1+56%) -> 0 | G51: =E51*(1+56%) -> 0 | H51: Sonlandı | I51: Key Account | J51: Key Account | K51: SUZUKI | L51: Otomotiv | M51: Distribütör | N51: Yok | O51: Hayır | P51: İstanbul | Q51: Calldesk, Enroute | R51: Sonlandı
A52: Semih Balaban | B52: İptal | C52: TADIM | D52: 923211.62 | E52: 4483887.9 | F52: =D52*(1+56%) -> 1440210.1 | G52: =E52*(1+56%) -> 6994865.1 | H52: Sonlandı | I52: 2 | J52: 2 | K52: TADIM | L52: FMCG | M52: Atıştırmalık | N52: Yok | O52: Hayır | P52: İstanbul | Q52: Enroute | R52: Sonlandı
A53: Onur Günay | B53: İptal | C53: TADIM EXPORT | D53: 0 | E53: 0 | F53: =D53*(1+56%) -> 0 | G53: =E53*(1+56%) -> 0 | H53: Sonlandı | I53: 2 | J53: 2 | K53: TADIM EXPORT | L53: FMCG | M53: Atıştırmalık | N53: Yok | O53: Hayır | P53: İstanbul | Q53: Enroute | R53: Sonlandı
A54: Begüm Hayta | B54: İptal | C54: TAVUK DÜNYASI | D54: 0 | E54: 0 | F54: =D54*(1+56%) -> 0 | G54: =E54*(1+56%) -> 0 | H54: Sonlandı | I54: 4 | J54: 4 | K54: TAVUK DÜNYASI | L54: FMCG | M54: Gıda | N54: Yok | O54: Hayır | P54: İstanbul | Q54: Stokbar | R54: Sonlandı
A55: Nigar Uygun | B55: İptal | C55: TOLON | D55: 0 | E55: 64728.32 | F55: =D55*(1+56%) -> 0 | G55: =E55*(1+56%) -> 100976.18 | H55: Sonlandı | I55: 3 | J55: 3 | K55: TOLON | L55: Endüstriyel Ürünler | M55: Çamaşır Makinası Üreticisi | N55: Yok | O55: Hayır | P55: İzmir | Q55: Varuna | R55: Sonlandı
A56: Onur Günay | B56: İptal | C56: TPI COMPOSITE | D56: 0 | E56: 765000 | F56: =D56*(1+56%) -> 0 | G56: =E56*(1+56%) -> 1193400 | H56: Sonlandı | I56: 2 | J56: 2 | K56: TPI COMPOSITE | L56: Enerji | M56: Rüzgar Trübini Üretimi | N56: Yok | O56: Hayır | P56: İzmir | Q56: Stokbar | R56: Sonlandı
A57: Begüm Hayta | B57: İptal | C57: ÜLKER | D57: 0 | E57: 0 | F57: =D57*(1+56%) -> 0 | G57: =E57*(1+56%) -> 0 | H57: Sonlandı | I57: 1 | J57: 1 | K57: ÜLKER | L57: FMCG | M57: Atıştırmalık | N57: Yok | O57: Hayır | P57: İstanbul | Q57: Quest | R57: Sonlandı
A58: Iş Ortaklıkları | B58: Iş Ortaklıkları | C58: Iş Ortaklıkları | D58: 13151436 | H58: Aktif | K58: Iş Ortaklıkları | L58: Iş Ortaklıkları | M58: Iş Ortaklıkları | N58: Var | Q58: Iş Ortaklıkları
A59: Nigar Uygun | B59: Melike Akgünlü | C59: ALTERA | D59: 51250 | E59: 190000 | F59: =D59*(1+56%) -> 79950 | G59: =E59*(1+56%) -> 296400 | H59: Aktif | I59: 4 | J59: 4 | K59: ALTERA | L59: Sağlık | M59: Sağlık Ekipmanları | N59: Yok | O59: Hayır | P59: İstanbul | Q59: Stokbar | R59: Hayır
A60: Mülkiye Akdoğaner | B60: Melike Akgünlü | C60: AYDEM | D60: 0 | E60: 329520.06 | F60: =D60*(1+56%) -> 0 | G60: =E60*(1+56%) -> 514051.29 | H60: Aktif | I60: 3 | J60: 3 | K60: AYDEM | L60: Enerji | M60: Enerji | N60: Yok | O60: Hayır | P60: İzmir | Q60: Quest | R60: Hayır
A61: Semih Balaban | B61: Melike Akgünlü | C61: BEST ELEKTROMEKANIK | D61: 343000 | E61: 1099992.8 | F61: =D61*(1+56%) -> 535080 | G61: =E61*(1+56%) -> 1715988.8 | H61: Aktif | I61: 3 | J61: 3 | K61: BEST ELEKTROMEKANIK | L61: Enerji | M61: Trafo Üretimi | N61: Var | O61: Hayır | P61: Balıkesir | Q61: Stokbar | R61: Hayır
A62: Nigar Uygun | B62: Melike Akgünlü | C62: MARSHALL | E62: 1464187.4 | F62: =D62*(1+56%) -> 0 | G62: =E62*(1+56%) -> 2284132.3 | H62: Aktif | I62: 3 | J62: 3 | K62: MARSHALL | L62: Boya | M62: Boya | N62: Var | O62: Hayır | P62: İstanbul | Q62: Enroute | R62: Hayır
A63: Semih Balaban | B63: Melike Akgünlü | C63: MURR ELEKTRONIK | E63: 485528.74 | F63: =D63*(1+56%) -> 0 | G63: =E63*(1+56%) -> 757424.83 | H63: Aktif | I63: 3 | J63: 3 | K63: MURR ELEKTRONIK | L63: Elektrik Elektronik | M63: Üretici | N63: Var | O63: Hayır | P63: Bursa | Q63: Stokbar | R63: Hayır
A64: Begüm Hayta | B64: Melike Akgünlü | C64: OPET | E64: 234794.29 | F64: =D64*(1+56%) -> 0 | G64: =E64*(1+56%) -> 366279.09 | H64: Aktif | I64: 3 | J64: 3 | K64: OPET | L64: Petrol | M64: Petrol Ürünleri | N64: Var | O64: Hayır | P64: İstanbul | Q64: Stokbar | R64: Hayır
A65: Begüm Hayta | B65: Melike Akgünlü | C65: PANASONIC | D65: 2111980 | E65: 2520493.7 | F65: =D65*(1+56%) -> 3294688.8 | G65: =E65*(1+56%) -> 3931970.2 | H65: Aktif | I65: 2 | J65: 2 | K65: PANASONIC | L65: Elektrik Elektronik | M65: Elektrik Elektronik | N65: Var | O65: Hayır | P65: İstanbul | Q65: Stokbar | R65: Hayır
A66: Mülkiye Akdoğaner | B66: Melike Akgünlü | C66: SHELL | E66: 3391875 | F66: =D66*(1+56%) -> 0 | G66: =E66*(1+56%) -> 5291325 | H66: Aktif | I66: 2 | J66: 2 | K66: SHELL | L66: Petrol | M66: Petrol Ürünleri | N66: Var | O66: Hayır | P66: İstanbul | Q66: Stokbar | R66: Hayır
A67: Mülkiye Akdoğaner | B67: Mülkiye Akdoğaner | C67: ARÇELİK | D67: 2318038.8 | E67: 0 | F67: =D67*(1+56%) -> 3616140.5 | G67: =E67*(1+56%) -> 0 | H67: Yeni | I67: 1 | J67: 1 | K67: ARÇELİK | L67: Beyaz Eşya | M67: Beyaz Eşya | N67: Yok | O67: Evet | P67: Yurtdışı | Q67: Quest | R67: Hayır
A68: Mülkiye Akdoğaner | B68: Mülkiye Akdoğaner | C68: BEYAZ KAĞIT | D68: 2477475 | E68: 0 | F68: =D68*(1+56%) -> 3864861 | G68: =E68*(1+56%) -> 0 | H68: Yeni | I68: 2 | J68: 2 | K68: BEYAZ KAĞIT | L68: FMCG | M68: Temizlik Deterjan | N68: Var | O68: Hayır | P68: İstanbul | Q68: Enroute | R68: Hayır
A69: Begüm Hayta | B69: Mülkiye Akdoğaner | C69: BROWN FORMAN | D69: 2118942.7 | E69: 5197676.6 | F69: =D69*(1+56%) -> 3305550.6 | G69: =E69*(1+56%) -> 8108375.5 | H69: Aktif | I69: Key Account | J69: Key Account | K69: BROWN FORMAN | L69: FMCG | M69: Alkol | N69: Var | O69: Hayır | P69: İstanbul | Q69: Enroute, Quest | R69: Hayır
A70: Mülkiye Akdoğaner | B70: Mülkiye Akdoğaner | C70: DEVA İÇECEK | D70: 2090947.2 | E70: 0 | F70: =D70*(1+56%) -> 3261877.7 | G70: =E70*(1+56%) -> 0 | H70: Aktif | I70: 3 | J70: 3 | K70: DEVA İÇECEK | L70: FMCG | M70: Alkol | N70: Var | O70: Hayır | P70: İstanbul | Q70: Enroute | R70: Hayır
A71: Semih Balaban | B71: Mülkiye Akdoğaner | C71: EFES GÜRCISTAN | D71: 648965.8 | E71: 1068690.7 | F71: =D71*(1+56%) -> 1012386.7 | G71: =E71*(1+56%) -> 1667157.5 | H71: Aktif | I71: 1 | J71: 1 | K71: EFES GÜRCISTAN | L71: FMCG | M71: Alkol | N71: Yok | O71: Hayır | P71: Yurtdışı | Q71: Enroute | R71: Hayır
A72: Semih Balaban | B72: Mülkiye Akdoğaner | C72: EFES KAZAKISTAN | D72: 1482692.2 | E72: 3925887.3 | F72: =D72*(1+56%) -> 2312999.9 | G72: =E72*(1+56%) -> 6124384.2 | H72: Aktif | I72: 1 | J72: 1 | K72: EFES KAZAKISTAN | L72: FMCG | M72: Alkol | N72: Yok | O72: Hayır | P72: Yurtdışı | Q72: Enroute | R72: Hayır
A73: Semih Balaban | B73: Mülkiye Akdoğaner | C73: EFES MOLDOVA | D73: 56064.26 | E73: 1178270.5 | F73: =D73*(1+56%) -> 87460.246 | G73: =E73*(1+56%) -> 1838101.9 | H73: Aktif | I73: 1 | J73: 1 | K73: EFES MOLDOVA | L73: FMCG | M73: Alkol | N73: Yok | O73: Hayır | P73: Yurtdışı | Q73: Enroute | R73: Hayır
A74: Nigar Uygun | B74: Mülkiye Akdoğaner | C74: IMPERIAL TOBACCO | D74: 111282.68 | E74: 4297200.2 | F74: =D74*(1+56%) -> 173600.98 | G74: =E74*(1+56%) -> 6703632.2 | H74: Aktif | I74: 2 | J74: 2 | K74: IMPERIAL TOBACCO | L74: FMCG | M74: Tütün | N74: Var | O74: Hayır | P74: Manisa | Q74: Enroute, Quest | R74: Hayır
A75: Mülkiye Akdoğaner | B75: Mülkiye Akdoğaner | C75: JTI | D75: 4237489.3 | E75: 14139776 | F75: =D75*(1+56%) -> 6610483.2 | G75: =E75*(1+56%) -> 22058050 | H75: Aktif | I75: Key Account | J75: Key Account | K75: JTI | L75: FMCG | M75: Tütün | N75: Var | O75: Evet | P75: İstanbul | Q75: Enroute, Quest | R75: Hayır
A76: Mülkiye Akdoğaner | B76: Mülkiye Akdoğaner | C76: JTI IRAN | D76: 737264.08 | E76: 15784756 | F76: =D76*(1+56%) -> 1150132 | G76: =E76*(1+56%) -> 24624219 | H76: Aktif | I76: Key Account | J76: Key Account | K76: JTI IRAN | L76: FMCG | M76: Tütün | N76: Yok | O76: Hayır | P76: Yurtdışı | Q76: Enroute, Quest | R76: Hayır
A77: Semih Balaban | B77: Mülkiye Akdoğaner | C77: KEBIR SÜT | D77: 91750 | E77: 1499675.8 | F77: =D77*(1+56%) -> 143130 | G77: =E77*(1+56%) -> 2339494.2 | H77: Aktif | I77: 3 | J77: 3 | K77: KEBIR SÜT | L77: FMCG | M77: İçecek | N77: Var | O77: Hayır | P77: İstanbul | Q77: Enroute | R77: Hayır
A78: Nigar Uygun | B78: Mülkiye Akdoğaner | C78: MEY IÇKI | D78: 8579934.5 | E78: 7133331.9 | F78: =D78*(1+56%) -> 13384698 | G78: =E78*(1+56%) -> 11127998 | H78: Aktif | I78: Key Account | J78: Key Account | K78: MEY IÇKI | L78: FMCG | M78: Alkol | N78: Var | O78: Evet | P78: İstanbul | Q78: Enroute, Quest | R78: Hayır
A79: Nigar Uygun | B79: Mülkiye Akdoğaner | C79: NEWAL | D79: 1694129.9 | E79: 44664.44 | F79: =D79*(1+56%) -> 2642842.7 | G79: =E79*(1+56%) -> 69676.526 | H79: Aktif | I79: 2 | J79: 2 | K79: NEWAL | L79: Beyaz Eşya | M79: Küçük Ev Aletleri | N79: Yok | O79: Hayır | P79: İstanbul | Q79: Enroute | R79: Hayır
A80: Mülkiye Akdoğaner | B80: Mülkiye Akdoğaner | C80: PERNOD RICARD | D80: 3948574.5 | E80: 8595427.5 | F80: =D80*(1+56%) -> 6159776.2 | G80: =E80*(1+56%) -> 13408867 | H80: Aktif | I80: Key Account | J80: Key Account | K80: PERNOD RICARD | L80: FMCG | M80: Alkol | N80: Var | O80: Hayır | P80: İstanbul | Q80: Enroute | R80: Hayır
A81: Begüm Hayta | B81: Mülkiye Akdoğaner | C81: REDBULL | D81: 1192818.9 | E81: 3887907.1 | F81: =D81*(1+56%) -> 1860797.5 | G81: =E81*(1+56%) -> 6065135 | H81: Aktif | I81: 2 | J81: 2 | K81: REDBULL | L81: FMCG | M81: İçecek | N81: Var | O81: Hayır | P81: İstanbul | Q81: Enroute | R81: Hayır
A82: Mülkiye Akdoğaner | B82: Mülkiye Akdoğaner | C82: SARPER IÇECEK - BEYLERBEYİ | D82: 2857256.8 | E82: 3244345.6 | F82: =D82*(1+56%) -> 4457320.7 | G82: =E82*(1+56%) -> 5061179.1 | H82: Aktif | I82: 2 | J82: 2 | K82: SARPER IÇECEK - BEYLERBEYİ | L82: FMCG | M82: Alkol | N82: Var | O82: Hayır | P82: İzmir | Q82: Enroute, Quest | R82: Hayır
A83: Mülkiye Akdoğaner | B83: Mülkiye Akdoğaner | C83: SÜTAS | E83: 979799.75 | F83: =D83*(1+56%) -> 0 | G83: =E83*(1+56%) -> 1528487.6 | H83: Aktif | I83: 2 | J83: 2 | K83: SÜTAS | L83: FMCG | M83: İçecek | N83: Var | O83: Hayır | P83: İstanbul | Q83: Enroute | R83: Hayır
A84: Begüm Hayta | B84: Mülkiye Akdoğaner | C84: TCHIBO | D84: 2773248.1 | E84: 76631.89 | F84: =D84*(1+56%) -> 4326267 | G84: =E84*(1+56%) -> 119545.75 | H84: Aktif | I84: 3 | J84: 3 | K84: TCHIBO | L84: FMCG | M84: Kahve | N84: Var | O84: Hayır | P84: İstanbul | Q84: Enroute | R84: Hayır
A85: Nigar Uygun | B85: Mülkiye Akdoğaner | C85: TURKTAB | E85: 2300000.2 | F85: =D85*(1+56%) -> 0 | G85: =E85*(1+56%) -> 3588000.3 | H85: Aktif | I85: 3 | J85: 3 | K85: TURKTAB | L85: FMCG | M85: Tütün | N85: Yok | O85: Hayır | P85: İstanbul | Q85: Enroute | R85: Hayır
A86: Semih Balaban | B86: Mülkiye Akdoğaner | C86: ULUDAG IÇECEK | D86: 4560476 | E86: 5555128.5 | F86: =D86*(1+56%) -> 7114342.5 | G86: =E86*(1+56%) -> 8666000.5 | H86: Aktif | I86: Key Account | J86: Key Account | K86: ULUDAG IÇECEK | L86: FMCG | M86: İçecek | N86: Var | O86: Evet | P86: Bursa | Q86: Enroute, Quest | R86: Hayır
A87: Begüm Hayta | B87: Mülkiye Akdoğaner | C87: WEIUTNAER | D87: 1255074.7 | E87: 393748.66 | F87: =D87*(1+56%) -> 1957916.5 | G87: =E87*(1+56%) -> 614247.91 | H87: Aktif | I87: 2 | J87: 2 | K87: WEIUTNAER | L87: FMCG | M87: Alkol | N87: Var | O87: Hayır | P87: İstanbul | Q87: Enroute | R87: Hayır
A88: Semih Balaban | B88: Özge Güler | C88: ARMA İLAÇ | D88: 1059650 | E88: 1210755 | F88: =D88*(1+56%) -> 1653054 | G88: =E88*(1+56%) -> 1888777.8 | H88: Aktif | I88: 3 | J88: 3 | K88: ARMA İLAÇ | L88: FMCG | M88: Pet Mama | N88: Var | O88: Hayır | P88: İstanbul | Q88: Enroute | R88: Evet
A89: Mülkiye Akdoğaner | B89: Özge Güler | C89: BILGINOGLU | E89: 250600 | F89: =D89*(1+56%) -> 0 | G89: =E89*(1+56%) -> 390936 | H89: Aktif | I89: 4 | J89: 4 | K89: BILGINOGLU | L89: Üretim | M89: Yağ Üretimi | N89: Yok | O89: Hayır | P89: İzmir | Q89: Stokbar | R89: Hayır
A90: Nigar Uygun | B90: Özge Güler | C90: BURDA BEBEK | D90: 19000 | E90: 836915.28 | F90: =D90*(1+56%) -> 29640 | G90: =E90*(1+56%) -> 1305587.8 | H90: Aktif | I90: 3 | J90: 3 | K90: BURDA BEBEK | L90: FMCG | M90: Kozmetik | N90: Var | O90: Hayır | P90: İstanbul | Q90: Enroute | R90: Evet
A91: Mülkiye Akdoğaner | B91: Özge Güler | C91: DERKO KOZMETIK | E91: 114961.65 | F91: =D91*(1+56%) -> 0 | G91: =E91*(1+56%) -> 179340.17 | H91: Aktif | I91: 4 | J91: 4 | K91: DERKO KOZMETIK | L91: FMCG | M91: Kozmetik | N91: Var | O91: Hayır | P91: İzmir | Q91: Stokbar | R91: Hayır
A92: Begüm Hayta | B92: Özge Güler | C92: DÖHLER GIDA - KONFRUT | E92: 404352 | F92: =D92*(1+56%) -> 0 | G92: =E92*(1+56%) -> 630789.12 | H92: Sonlandı | I92: 4 | J92: 4 | K92: DÖHLER GIDA | L92: Üretim | M92: Meyve Konsantre | N92: Var | O92: Hayır | P92: İstanbul | Q92: Lojitek | R92: Evet
A93: Nigar Uygun | B93: Özge Güler | C93: DÜZEY TÜKETIM | D93: 4423417.5 | E93: =1918239.79+3277245 -> 5195484.8 | F93: =D93*(1+56%) -> 6900531.3 | G93: =E93*(1+56%) -> 8104956.3 | H93: Aktif | I93: 2 | J93: Key Account | K93: DÜZEY TÜKETIM | L93: FMCG | M93: Dağıtıcı | N93: Var | O93: Evet | P93: İstanbul | Q93: Enroute | R93: Hayır
A94: Nigar Uygun | B94: Özge Güler | C94: EVYAP | D94: 170700 | E94: 1901920 | F94: =D94*(1+56%) -> 266292 | G94: =E94*(1+56%) -> 2966995.2 | H94: Aktif | I94: 2 | J94: 2 | K94: EVYAP | L94: FMCG | M94: Kozmetik | N94: Var | O94: Hayır | P94: İstanbul | Q94: Enroute | R94: Evet
A95: Mülkiye Akdoğaner | B95: Özge Güler | C95: FELDA IFFCO | E95: 247579.2 | F95: =D95*(1+56%) -> 0 | G95: =E95*(1+56%) -> 386223.55 | H95: Aktif | I95: 4 | J95: 4 | K95: FELDA IFFCO | L95: Üretim | M95: Palm Yağı | N95: Yok | O95: Hayır | P95: İzmir | Q95: Stokbar | R95: Hayır
A96: Nigar Uygun | B96: Özge Güler | C96: GLAXOSMITKLINE ILAÇ | E96: 1060002.1 | F96: =D96*(1+56%) -> 0 | G96: =E96*(1+56%) -> 1653603.3 | H96: Aktif | I96: 4 | J96: 4 | K96: GLAXOSMITKLINE ILAÇ | L96: FMCG | M96: Kozmetik | N96: Var | O96: Hayır | P96: İstanbul | Q96: Enroute | R96: Hayır
A97: Semih Balaban | B97: Özge Güler | C97: HOBBY-RA PAZARLAMA | D97: 45566.59 | E97: 273332.72 | F97: =D97*(1+56%) -> 71083.88 | G97: =E97*(1+56%) -> 426399.04 | H97: Aktif | I97: 4 | J97: 4 | K97: HOBBY-RA PAZARLAMA | L97: FMCG | M97: Kozmetik | N97: Var | O97: Hayır | P97: İstanbul | Q97: Enroute | R97: Evet
A98: Semih Balaban | B98: Özge Güler | C98: KÜRESEL TEDARIK | D98: 55881 | E98: 457776.12 | F98: =D98*(1+56%) -> 87174.36 | G98: =E98*(1+56%) -> 714130.75 | H98: Aktif | I98: 3 | J98: 3 | K98: KÜRESEL TEDARIK | L98: FMCG | M98: Dağıtıcı | N98: Var | O98: Hayır | P98: İstanbul | Q98: Enroute | R98: Hayır
A99: Mülkiye Akdoğaner | B99: Özge Güler | C99: LOREAL ECZANE | D99: 187425 | E99: 4715360.8 | F99: =D99*(1+56%) -> 292383 | G99: =E99*(1+56%) -> 7355962.8 | H99: Aktif | I99: 2 | J99: 2 | K99: LOREAL | L99: FMCG | M99: Kozmetik | N99: Var | O99: Hayır | P99: İstanbul | Q99: Enroute, Quest | R99: Hayır
A100: Mülkiye Akdoğaner | B100: Özge Güler | C100: LOREAL KUAFÖR | D100: 0 | F100: =D100*(1+56%) -> 0 | G100: =E100*(1+56%) -> 0 | H100: Aktif | I100: 2 | J100: 2 | K100: LOREAL | L100: FMCG | M100: Kozmetik | N100: Var | O100: Hayır | P100: İstanbul | Q100: Enroute, Quest | R100: Hayır
...

Sheet AccountDağılımı-Adet
A3: Count of Şehir | B3: Column Labels
A4: Row Labels | B4: Begüm Hayta | C4: Mülkiye Akdoğaner | D4: Semih Balaban | E4: Melike Akgünlü | F4: Özge Güler | G4: Dilara Bogu | H4: Grand Total
A5: Beyaz Eşya | C5: 2 | H5: 2
A6: Boya | E6: 1 | H6: 1
A7: Cam Sanayi | D7: 2 | H7: 2
A8: Elektrik Elektronik | E8: 2 | H8: 2
A9: Enerji | E9: 2 | H9: 2
A10: FMCG | B10: 24 | C10: 19 | D10: 11 | F10: 17 | H10: 71
A11: Hizmet | F11: 1 | H11: 1
A12: İnşaat | D12: 1 | H12: 1
A13: Madencilik | D13: 1 | H13: 1
A14: Otomotiv | D14: 8 | H14: 8
A15: Petrol | E15: 2 | H15: 2
A16: Sağlık | E16: 1 | H16: 1
A17: Tekstil | D17: 1 | H17: 1
A18: Telekom | F18: 1 | H18: 1
A19: Üretim | F19: 6 | H19: 6
A20: Grup Şirketleri
A21: Grand Total | B21: 24 | C21: 21 | D21: 24 | E21: 8 | F21: 25 | H21: 102
A24: Satış Yöneticisi Sektör | B24: Begüm Hayta | C24: Mülkiye Akdoğaner | D24: Semih Balaban | E24: Melike Akgünlü | F24: Özge Güler | G24: Dilara Bogu | H24: Toplam
A25: Beyaz Eşya | C25: 2 | H25: 2
A26: Boya | E26: 1 | H26: 1
A27: Cam Sanayi | D27: 2 | H27: 2
A28: Elektrik Elektronik | E28: 2 | H28: 2
A29: Enerji | E29: 2 | H29: 2
A30: FMCG | B30: 24 | C30: 19 | D30: 11 | F30: 17 | H30: 71
A31: Hizmet | F31: 1 | H31: 1
A32: İnşaat | D32: 1 | H32: 1
A33: Madencilik | D33: 1 | H33: 1
A34: Otomotiv | D34: 8 | H34: 8
A35: Petrol | E35: 2 | H35: 2
A36: Sağlık | E36: 1 | H36: 1
A37: Tekstil | D37: 1 | H37: 1
A38: Telekom | F38: 1 | H38: 1
A39: Üretim | F39: 6 | H39: 6
A40: Grup Şirketleri | G40: 4 | H40: 6
A41: Toplam | B41: =SUM(B25:B40) -> 24 | C41: =SUM(C25:C40) -> 21 | D41: =SUM(D25:D40) -> 24 | E41: =SUM(E25:E40) -> 8 | F41: =SUM(F25:F40) -> 25 | G41: =SUM(G25:G40) -> 4 | H41: =SUM(H25:H40) -> 108

Sheet 2026 Bütçe - 600 (Yıllık)
I2: Index'e Dön | T2: 2026 Satış Slideları
R3: (07.01.26)
B4: 1 | C4: Ürün Bazında Gelirler (TL) | Q4: Ürün Yön. | R4: Ürün Yön. | T4: Satış Tipi Bazında Gelirler (TL)
C5: Ürünler | D5: 2024 | E5: 2025 Yeni Satış | F5: 2025 Mevcut Müşteri | G5: 2025 (G) | H5: YS Artış% | I5: 2026 Yeni Satış | J5: 2025 Churn | K5: Churn Sonrası MM | L5: MM Artış % | M5: 2026 Mevcut Müşteri | N5: 2026 Bütçe Tahmini 2026 | Q5: 2026 Satış Tahmini | R5: 2026 Satış Tahmini | T5: Satış Tipi | U5: 2025 | V5: 2026 (P) | W5: Büyüme (P)
C6: Enroute | D6: 140500 | E6: 70053.607 | F6: 143242.81 | G6: =SUM(E6:F6) -> 213296.42 | H6: 0.5 | I6: =E6*(1+H6) -> 105080.41 | J6: 9000 | K6: =F6-J6 -> 134242.81 | L6: 0.325 | M6: =K6*(1+L6) -> 177871.73 | N6: =I6+M6 -> 282952.14 | Q6: =N6 -> 282952.14 | R6: 355556878 | T6: Yeni Satış | U6: =E14/1000 -> 152.04434 | V6: =I14/1000 -> 278.85597 | W6: =V6/U6-1 -> 0.83404379
C7: Quest | D7: 16100 | E7: 13752.678 | F7: 13930.924 | G7: =SUM(E7:F7) -> 27683.602 | H7: 2 | I7: =E7*(1+H7) -> 41258.034 | J7: 1515 | K7: =F7-J7 -> 12415.924 | L7: =L6 -> 0.325 | M7: =K7*(1+L7) -> 16451.099 | N7: =I7+M7 -> 57709.133 | Q7: 100000000 | R7: 102262500 | T7: Yenileme | U7: =F14/1000 -> 232.74367 | V7: =M14/1000 -> 321.27624 | W7: =V7/U7-1 -> 0.38038658
C8: Stokbar | D8: 17900 | E8: 25018.01 | F8: 19223.725 | G8: =SUM(E8:F8) -> 44241.735 | H8: 0.5 | I8: =E8*(1+H8) -> 37527.015 | J8: 2310 | K8: =F8-J8 -> 16913.725 | L8: =L7 -> 0.325 | M8: =K8*(1+L8) -> 22410.686 | N8: =I8+M8 -> 59937.701 | Q8: =N8 -> 59937.701 | R8: 95747000 | T8: Toplam | U8: =U6+U7 -> 384.78801 | V8: =V6+V7 -> 600.13221 | W8: =V8/U8-1 -> 0.55964375
C9: ServiceCore | D9: 6000 | E9: 8415.736 | F9: 4773.941 | G9: =SUM(E9:F9) -> 13189.677 | H9: 2 | I9: =E9*(1+H9) -> 25247.208 | J9: 4500 | K9: =F9-J9 -> 273.941 | L9: =L8 -> 0.325 | M9: =K9*(1+L9) -> 362.97182 | N9: =I9+M9 -> 25610.18 | Q9: 43000000 | R9: 34635137
C10: Varuna | D10: 100 | E10: 3806.445 | F10: 2987.175 | G10: =SUM(E10:F10) -> 6793.62 | H10: 0.5 | I10: =E10*(1+H10) -> 5709.6675 | J10: 100 | K10: =F10-J10 -> 2887.175 | L10: =L9 -> 0.325 | M10: =K10*(1+L10) -> 3825.5069 | N10: =I10+M10 -> 9535.1744 | Q10: 16000000 | R10: 16146000
C11: Unidox | D11: 14000 | E11: 25326.464 | F11: 0 | G11: =SUM(E11:F11) -> 25326.464 | H11: 2 | I11: 40000 | K11: =F11-J11 -> 0 | L11: =L10 -> 0.325 | M11: 35979 | N11: =I11+M11 -> 75979 | Q11: =N11 -> 75979 | R11: =N11 -> 75979
C12: Hosting | D12: 35000 | E12: 690.653 | F12: 48585.095 | G12: =SUM(E12:F12) -> 49275.748 | H12: 10 | I12: =E12*(1+H12) -> 7597.183 | K12: =F12-J12 -> 48585.095 | L12: =L11 -> 0.325 | M12: =K12*(1+L12) -> 64375.251 | N12: =I12+M12 -> 71972.434 | Q12: =N12 -> 71972.434 | R12: =N12 -> 71972.434
C13: BFH | D13: 0 | E13: 4980.743 | F13: 0 | G13: =SUM(E13:F13) -> 4980.743 | H13: 2.3 | I13: =E13*(1+H13) -> 16436.452 | K13: =F13-J13 -> 0 | L13: =L12 -> 0.325 | M13: =K13*(1+L13) -> 0 | N13: =I13+M13 -> 16436.452 | Q13: =N13 -> 16436.452 | R13: =N13 -> 16436.452
C14: Toplam | D14: =SUM(D6:D13) -> 229600 | E14: =SUM(E6:E13) -> 152044.34 | F14: =SUM(F6:F13) -> 232743.67 | G14: =SUM(G6:G13) -> 384788.01 | I14: =SUM(I6:I13) -> 278855.97 | J14: =SUM(J6:J13) -> 17425 | K14: =SUM(K6:K13) -> 215318.67 | M14: =SUM(M6:M13) -> 321276.24 | N14: =SUM(N6:N13) -> 600132.21 | Q14: =SUM(Q6:Q13) -> 1.5950728e+08 | R14: =SUM(R6:R13) -> 6.045119e+08
B18: 2 | C18: Ürün Bazında Gelirler (TL) V11 | T18: Ürün Bazında Gelirler (TL)
C19: Ürün Gelirleri | D19: 2025 | G19: 2026 (P) | H19: 2025 Büyüme | I19: 2026 Büyüme (P) | J19: 2026 (P) Büyüme | K19: 2025 Büyüme | L19: 2026 Büyüme (P) | T19: Ürün Gelirleri | U19: 2024 | V19: 2025 | W19: 2026 (P) | X19: 2025 Büyüme | Y19: 2026 Büyüme (P)
D20: Yeni Satış | E20: Yenileme | F20: Toplam | G20: Yeni Satış | H20: Yenileme | I20: Toplam | J20: Yeni Satış | K20: Yenileme | L20: Toplam | T20: Enroute | U20: 140500 | V20: 213296.42 | W20: =N6/1000 -> 282.95214 | X20: =V20/U20-1 -> 0.51812399 | Y20: =W20/V20-1 -> -0.99867343
C21: Enroute | D21: 70053.607 | E21: 143242.81 | F21: =SUM(D21:E21) -> 213296.42 | G21: 105080.41 | H21: 177871.73 | I21: =SUM(G21:H21) -> 282952.14 | J21: =G21/D21-1 -> 0.5 | K21: =H21/E21-1 -> 0.24174975 | L21: =I21/F21-1 -> 0.32656768 | T21: Quest | U21: 16100 | V21: 27683.602 | W21: =N7/1000 -> 57.709133 | X21: =V21/U21-1 -> 0.71947839 | Y21: =W21/V21-1 -> -0.9979154
C22: Quest | D22: 13752.678 | E22: 13930.924 | F22: =SUM(D22:E22) -> 27683.602 | G22: 41258.034 | H22: 16451.099 | I22: =SUM(G22:H22) -> 57709.133 | J22: =G22/D23-1 -> 0.64913332 | K22: =H22/E22-1 -> 0.18090511 | L22: =I22/F22-1 -> 1.0845963 | T22: Stokbar | U22: 17900 | V22: 44241.735 | W22: =N8/1000 -> 59.937701 | X22: =V22/U22-1 -> 1.4716053 | Y22: =W22/V22-1 -> -0.99864522
C23: Stokbar | D23: 25018.01 | E23: 19223.725 | F23: =SUM(D23:E23) -> 44241.735 | G23: 37527.015 | H23: 22410.686 | I23: =SUM(G23:H23) -> 59937.701 | J23: =G23/D24-1 -> 3.4591483 | K23: =H23/E23-1 -> 0.16578268 | L23: =I23/F23-1 -> 0.35477735 | T23: ServiceCore | U23: 6000 | V23: 13189.677 | W23: =N9/1000 -> 25.61018 | X23: =V23/U23-1 -> 1.1982795 | Y23: =W23/V23-1 -> -0.99805832
C24: ServiceCore | D24: 8415.736 | E24: 4773.941 | F24: =SUM(D24:E24) -> 13189.677 | G24: 25247.208 | H24: 362.97182 | I24: =SUM(G24:H24) -> 25610.18 | J24: =G24/D25-1 -> 5.6327526 | K24: =H24/E24-1 -> -0.9239681 | L24: =I24/F24-1 -> 0.94168362 | T24: Varuna | U24: 100 | V24: 6793.62 | W24: =N10/1000 -> 9.5351744 | X24: =V24/U24-1 -> 66.9362 | Y24: =W24/V24-1 -> -0.99859645
C25: Varuna | D25: 3806.445 | E25: 2987.175 | F25: =SUM(D25:E25) -> 6793.62 | G25: 5709.6675 | H25: 3825.5069 | I25: =SUM(G25:H25) -> 9535.1744 | J25: =G25/D25-1 -> 0.5 | K25: =H25/E25-1 -> 0.28064371 | L25: =I25/F25-1 -> 0.40354838 | T25: Unidox | U25: 14000 | V25: 25326.464 | W25: =N11/1000 -> 75.979 | X25: =V25/U25-1 -> 0.80903314 | Y25: =W25/V25-1 -> -0.99700002
C26: Unidox | D26: 25326.464 | E26: 0 | F26: =SUM(D26:E26) -> 25326.464 | G26: 75979.392 | H26: 0 | I26: =SUM(G26:H26) -> 75979.392 | J26: =G26/D26-1 -> 2 | L26: =I26/F26-1 -> 2 | T26: Hosting | U26: 35000 | V26: 49275.748 | W26: =N12/1000 -> 71.972434 | X26: =V26/U26-1 -> 0.40787851 | Y26: =W26/V26-1 -> -0.99853939
C27: Hosting | D27: 690.653 | E27: 48585.095 | F27: =SUM(D27:E27) -> 49275.748 | G27: 7597.183 | H27: 64375.251 | I27: =SUM(G27:H27) -> 71972.434 | J27: =G27/D27-1 -> 10 | K27: =H27/E27-1 -> 0.325 | L27: =I27/F27-1 -> 0.46060561 | T27: BFH | U27: 0 | V27: 4980.743 | W27: =N13/1000 -> 16.436452 | Y27: =W27/V27-1 -> -0.9967
C28: BFH | D28: 4980.743 | E28: 0 | F28: =SUM(D28:E28) -> 4980.743 | G28: 16436.452 | H28: 0 | I28: =SUM(G28:H28) -> 16436.452 | J28: =G28/D28-1 -> 2.3 | L28: =I28/F28-1 -> 2.3 | T28: Toplam | U28: =SUM(U20:U27) -> 229600 | V28: =SUM(V20:V27) -> 384788.01 | W28: =SUM(W20:W27) -> 600.13221 | X28: =V28/U28-1 -> 0.67590596 | Y28: =W28/V28-1 -> -0.99844036
C29: Toplam | D29: =SUM(D21:D28) -> 152044.34 | E29: =SUM(E21:E28) -> 232743.67 | F29: =SUM(F21:F28) -> 384788.01 | G29: =SUM(G21:G28) -> 314835.36 | H29: =SUM(H21:H28) -> 285297.24 | I29: =SUM(I21:I28) -> 600132.6 | J29: =G29/D29-1 -> 1.0706813 | K29: =H29/E29-1 -> 0.2258002 | L29: =I29/F29-1 -> 0.55964476
C31: Hedefler
B32: 1 | C32: Yazılım satışının %20 si kadar ek e-dönüşüm ürünleri satalım | G32: =(F29-F26-F27-F28)*20% -> 61041.011
B33: 2 | C33: Mevcut müşterilerin %75 ne hosting satalım (75-28=47) 350K ortalama | G33: =350*47 -> 16450
B34: 3 | C34: İş ortaklarını sayısını 70 ve üzerine çıkaralım | G34: 70
B35: 4
B36: 5
C38: Yıl | D38: 2025
C40: Sum of Net Satış | D40: Column Labels
C41: Row Labels | D41: Enroute | E41: Stokbar | F41: Quest | G41: Calldesk | H41: Varuna | I41: E-Dönüşüm | J41: Hosting | K41: BFG | L41: Outsource - Hizmet | M41: Grand Total
C42: Begüm Hayta | D42: 68370270 | E42: 16360018 | F42: 6926550.7 | G42: 680114.63 | I42: 872865 | J42: 12610406 | M42: 1.0582022e+08
C43: E-Dönüşüm | I43: 20542744 | M43: 20542744
C44: Eren Oral | D44: 791317.4 | E44: 7802039.5 | F44: 329520.06 | J44: 980595 | L44: 3084150 | M44: 12987622
C45: Grup içi | E45: 543801.2 | M45: 543801.2
C46: Grup İçi | H46: 6336391 | K46: 4646578.3 | M46: 10982969
C47: İş Ortaklıkları | D47: 6736544.7 | E47: 1407664 | F47: 20223 | I47: 4460466 | J47: 549118.22 | M47: 13174016
C48: Mülkiye Akdoğaner | D48: 44508546 | F48: 4238156.8 | G48: 261175.46 | I48: 307355 | J48: 10218041 | M48: 59533275
C49: Mülkiye Akdoğaner Arıcı | D49: 35227965 | F49: 10799901 | I49: 718136 | J49: 19250391 | M49: 65996392
C50: Nigar Uygun | D50: 11967131 | E50: 2439572.3 | F50: 121150.2 | H50: 392500.72 | L50: 223243.8 | M50: 15143598
C51: Özlem Özge Güler | D51: 12608910 | E51: 483201.65 | F51: 3503619.9 | I51: 60450 | J51: 4441374.7 | M51: 21097556
C52: Semih Balaban | D52: 27036513 | E52: 15205438 | F52: 621571.48 | G52: 7679773.7 | H52: 64728.32 | I52: 195460 | J52: 1225821.5 | M52: 52029307
C53: (blank) | D53: 692300 | G53: 4568612.5 | M53: 5260912.5
C54: Grand Total | D54: 2.079395e+08 | E54: 44241735 | F54: 26560693 | G54: 13189676 | H54: 6793620 | I54: 27157476 | J54: 49275748 | K54: 4646578.3 | L54: 3307393.8 | M54: 3.8311242e+08

Sheet 2026 Bütçe - 600 (Aylık)
C1: Ürünler | D1: 2026 Tahmin | E1: 1 | F1: 2 | G1: 3 | H1: 4 | I1: 5 | J1: 6 | K1: 7 | L1: 8 | M1: 9 | N1: 10 | O1: 11 | P1: 12 | Q1: Toplam
C2: Enroute | D2: ='2026 Bütçe - 600 (Yıllık)'!N6 -> 282952.14 | E2: =$D2*E$11 -> 19806.65 | F2: =$D2*F$11 -> 19806.65 | G2: =$D2*G$11 -> 28295.214 | H2: =$D2*H$11 -> 19806.65 | I2: =$D2*I$11 -> 19806.65 | J2: =$D2*J$11 -> 31124.735 | K2: =$D2*K$11 -> 16977.128 | L2: =$D2*L$11 -> 16977.128 | ... P2: =$D2*P$11 -> 36783.778 | Q2: =SUM(E2:P2) -> 282952.14
C3: Quest | D3: ='2026 Bütçe - 600 (Yıllık)'!N7 -> 57709.133 | E3: =$D3*E$11 -> 4039.6393 | F3: =$D3*F$11 -> 4039.6393 | G3: =$D3*G$11 -> 5770.9133 | H3: =$D3*H$11 -> 4039.6393 | I3: =$D3*I$11 -> 4039.6393 | J3: =$D3*J$11 -> 6348.0047 | K3: =$D3*K$11 -> 3462.548 | L3: =$D3*L$11 -> 3462.548 | ... P3: =$D3*P$11 -> 7502.1873 | Q3: =SUM(E3:P3) -> 57709.133
C4: Stokbar | D4: ='2026 Bütçe - 600 (Yıllık)'!N8 -> 59937.701 | E4: =$D4*E$11 -> 4195.639 | F4: =$D4*F$11 -> 4195.639 | G4: =$D4*G$11 -> 5993.7701 | H4: =$D4*H$11 -> 4195.639 | I4: =$D4*I$11 -> 4195.639 | J4: =$D4*J$11 -> 6593.1471 | K4: =$D4*K$11 -> 3596.262 | L4: =$D4*L$11 -> 3596.262 | ... P4: =$D4*P$11 -> 7791.9011 | Q4: =SUM(E4:P4) -> 59937.701
C5: CallDesk | D5: ='2026 Bütçe - 600 (Yıllık)'!N9 -> 25610.18 | E5: =$D5*E$11 -> 1792.7126 | F5: =$D5*F$11 -> 1792.7126 | G5: =$D5*G$11 -> 2561.018 | H5: =$D5*H$11 -> 1792.7126 | I5: =$D5*I$11 -> 1792.7126 | J5: =$D5*J$11 -> 2817.1198 | K5: =$D5*K$11 -> 1536.6108 | L5: =$D5*L$11 -> 1536.6108 | ... P5: =$D5*P$11 -> 3329.3234 | Q5: =SUM(E5:P5) -> 25610.18
C6: Varuna | D6: ='2026 Bütçe - 600 (Yıllık)'!N10 -> 9535.1744 | E6: =$D6*E$11 -> 667.46221 | F6: =$D6*F$11 -> 667.46221 | G6: =$D6*G$11 -> 953.51744 | H6: =$D6*H$11 -> 667.46221 | I6: =$D6*I$11 -> 667.46221 | J6: =$D6*J$11 -> 1048.8692 | K6: =$D6*K$11 -> 572.11046 | L6: =$D6*L$11 -> 572.11046 | ... P6: =$D6*P$11 -> 1239.5727 | Q6: =SUM(E6:P6) -> 9535.1744
C7: Unidox | D7: ='2026 Bütçe - 600 (Yıllık)'!N11 -> 75979 | E7: =$D7*E$11 -> 5318.53 | F7: =$D7*F$11 -> 5318.53 | G7: =$D7*G$11 -> 7597.9 | H7: =$D7*H$11 -> 5318.53 | I7: =$D7*I$11 -> 5318.53 | J7: =$D7*J$11 -> 8357.69 | K7: =$D7*K$11 -> 4558.74 | L7: =$D7*L$11 -> 4558.74 | ... P7: =$D7*P$11 -> 9877.27 | Q7: =SUM(E7:P7) -> 75979
C8: Hosting | D8: ='2026 Bütçe - 600 (Yıllık)'!N12 -> 71972.434 | E8: =$D8*E$11 -> 5038.0704 | F8: =$D8*F$11 -> 5038.0704 | G8: =$D8*G$11 -> 7197.2434 | H8: =$D8*H$11 -> 5038.0704 | I8: =$D8*I$11 -> 5038.0704 | J8: =$D8*J$11 -> 7916.9677 | K8: =$D8*K$11 -> 4318.346 | L8: =$D8*L$11 -> 4318.346 | ... P8: =$D8*P$11 -> 9356.4164 | Q8: =SUM(E8:P8) -> 71972.434
C9: BFH | D9: ='2026 Bütçe - 600 (Yıllık)'!N13 -> 16436.452 | E9: =$D9*E$11 -> 1150.5516 | F9: =$D9*F$11 -> 1150.5516 | G9: =$D9*G$11 -> 1643.6452 | H9: =$D9*H$11 -> 1150.5516 | I9: =$D9*I$11 -> 1150.5516 | J9: =$D9*J$11 -> 1808.0097 | K9: =$D9*K$11 -> 986.18711 | L9: =$D9*L$11 -> 986.18711 | ... P9: =$D9*P$11 -> 2136.7387 | Q9: =SUM(E9:P9) -> 16436.452
C10: Toplam | D10: =SUM(D2:D9) -> 600132.21 | E10: =SUM(E2:E9) -> 42009.255 | F10: =SUM(F2:F9) -> 42009.255 | G10: =SUM(G2:G9) -> 60013.221 | H10: =SUM(H2:H9) -> 42009.255 | I10: =SUM(I2:I9) -> 42009.255 | J10: =SUM(J2:J9) -> 66014.543 | K10: =SUM(K2:K9) -> 36007.933 | ... P10: =SUM(P2:P9) -> 78017.188 | Q10: =SUM(E10:P10) -> 600132.21
C11: Genel Toplam | D11: =SUM(D2:D9) -> 600132.21 | E11: 0.07 | F11: 0.07 | G11: 0.1 | H11: 0.07 | I11: 0.07 | J11: 0.11 | K11: 0.06 | L11: 0.06 | M11: 0.1 | N11: 0.08 | O11: 0.08 | P11: 0.13 | Q11: =SUM(E11:P11) -> 1
C15: Ürünler | D15: 2026 Tahmin Düzeltilmiş | E15: 1 | F15: 2 | G15: 3 | H15: 4 | I15: 5 | J15: 6 | K15: 7 | L15: 8 | M15: 9 | N15: 10 | O15: 11 | P15: 12 | Q15: Toplam
C16: Enroute | D16: ='2026 Bütçe - 600 (Yıllık)'!N6 -> 282952.14 | E16: =$D16*E30 -> 19806.65 | F16: =$D16*F30 -> 19806.65 | G16: =$D16*G30 -> 22636.171 | H16: =$D16*H30 -> 21221.41 | I16: =$D16*I30 -> 21221.41 | J16: =$D16*J30 -> 25465.692 | K16: =$D16*K30 -> 21221.41 | L16: =$D16*L30 -> 21221.41 | ... P16: =$D16*P30 -> 31124.735 | Q16: =SUM(E16:P16) -> 282952.14
C17: Quest | D17: ='2026 Bütçe - 600 (Yıllık)'!N7 -> 57709.133 | E17: =$D17*E31 -> 4039.6393 | F17: =$D17*F31 -> 4039.6393 | G17: =$D17*G31 -> 4616.7307 | H17: =$D17*H31 -> 4616.7307 | I17: =$D17*I31 -> 4616.7307 | J17: =$D17*J31 -> 5193.822 | K17: =$D17*K31 -> 4328.185 | L17: =$D17*L31 -> 4328.185 | ... P17: =$D17*P31 -> 6348.0047 | Q17: =SUM(E17:P17) -> 57709.133
C18: Stokbar | D18: ='2026 Bütçe - 600 (Yıllık)'!N8 -> 59937.701 | E18: =$D18*E32 -> 4195.639 | F18: =$D18*F32 -> 4195.639 | G18: =$D18*G32 -> 4795.0161 | H18: =$D18*H32 -> 4795.0161 | I18: =$D18*I32 -> 4795.0161 | J18: =$D18*J32 -> 5394.3931 | K18: =$D18*K32 -> 4495.3275 | L18: =$D18*L32 -> 4495.3275 | ... P18: =$D18*P32 -> 6593.1471 | Q18: =SUM(E18:P18) -> 59937.701
C19: ServiceCore | D19: ='2026 Bütçe - 600 (Yıllık)'!N9 -> 25610.18 | E19: =$D19*E33 -> 1792.7126 | F19: =$D19*F33 -> 1792.7126 | G19: =$D19*G33 -> 2048.8144 | H19: =$D19*H33 -> 2048.8144 | I19: =$D19*I33 -> 2048.8144 | J19: =$D19*J33 -> 2304.9162 | K19: =$D19*K33 -> 1920.7635 | L19: =$D19*L33 -> 1920.7635 | ... P19: =$D19*P33 -> 2817.1198 | Q19: =SUM(E19:P19) -> 25610.18
C20: Varuna | D20: ='2026 Bütçe - 600 (Yıllık)'!N10 -> 9535.1744 | E20: =$D20*E34 -> 667.46221 | F20: =$D20*F34 -> 667.46221 | G20: =$D20*G34 -> 762.81395 | H20: =$D20*H34 -> 762.81395 | I20: =$D20*I34 -> 762.81395 | J20: =$D20*J34 -> 858.16569 | K20: =$D20*K34 -> 715.13808 | L20: =$D20*L34 -> 715.13808 | ... P20: =$D20*P34 -> 1048.8692 | Q20: =SUM(E20:P20) -> 9535.1744
C21: Unidox | D21: ='2026 Bütçe - 600 (Yıllık)'!N11 -> 75979 | E21: =$D21*E35 -> 5318.53 | F21: =$D21*F35 -> 5318.53 | G21: =$D21*G35 -> 6078.32 | H21: =$D21*H35 -> 6078.32 | I21: =$D21*I35 -> 6078.32 | J21: =$D21*J35 -> 6838.11 | K21: =$D21*K35 -> 5698.425 | L21: =$D21*L35 -> 5698.425 | ... P21: =$D21*P35 -> 8357.69 | Q21: =SUM(E21:P21) -> 75979
C22: Hosting | D22: ='2026 Bütçe - 600 (Yıllık)'!N12 -> 71972.434 | E22: =$D22*E36 -> 5038.0704 | F22: =$D22*F36 -> 5038.0704 | G22: =$D22*G36 -> 5757.7947 | H22: =$D22*H36 -> 5757.7947 | I22: =$D22*I36 -> 5757.7947 | J22: =$D22*J36 -> 6477.519 | K22: =$D22*K36 -> 5397.9325 | L22: =$D22*L36 -> 5397.9325 | ... P22: =$D22*P36 -> 7916.9677 | Q22: =SUM(E22:P22) -> 71972.434
C23: BFH | D23: ='2026 Bütçe - 600 (Yıllık)'!N13 -> 16436.452 | E23: =$D23*E37 -> 1314.9162 | F23: =$D23*F37 -> 1314.9162 | G23: =$D23*G37 -> 1479.2807 | H23: =$D23*H37 -> 1314.9162 | I23: =$D23*I37 -> 1314.9162 | J23: =$D23*J37 -> 1479.2807 | K23: =$D23*K37 -> 1232.7339 | L23: =$D23*L37 -> 1314.9162 | ... P23: =$D23*P37 -> 1561.4629 | Q23: =SUM(E23:P23) -> 16436.452
C24: Toplam (TL) | D24: =SUM(D16:D23) -> 600132.21 | E24: =SUM(E16:E23) -> 42173.619 | F24: =SUM(F16:F23) -> 42173.619 | G24: =SUM(G16:G23) -> 48174.941 | H24: =SUM(H16:H23) -> 46595.816 | I24: =SUM(I16:I23) -> 46595.816 | J24: =SUM(J16:J23) -> 54011.899 | K24: =SUM(K16:K23) -> 45009.916 | ... P24: =SUM(P16:P23) -> 65767.997 | Q24: =SUM(E24:P24) -> 600132.21
C25: Toplam (%) | E25: =E39 -> 0.07125 | F25: =F39 -> 0.07125 | G25: =G39 -> 0.08125 | H25: =H39 -> 0.079375 | I25: =I39 -> 0.079375 | J25: =J39 -> 0.09 | K25: =K39 -> 0.075 | L25: =L39 -> 0.075625 | ... P25: =P39 -> 0.108125 | Q25: =SUM(E25:P25) -> 1
C29: Ürünler | D29: 2026 Tahmin Düzeltilmiş | E29: 1 | F29: 2 | G29: 3 | H29: 4 | I29: 5 | J29: 6 | K29: 7 | L29: 8 | M29: 9 | N29: 10 | O29: 11 | P29: 12 | Q29: Toplam
C30: Enroute | D30: =D16 -> 282952.14 | E30: 0.07 | F30: 0.07 | G30: 0.08 | H30: 0.075 | I30: 0.075 | J30: 0.09 | K30: 0.075 | L30: 0.075 | M30: 0.08 | N30: 0.1 | O30: 0.1 | P30: 0.11 | Q30: =SUM(E30:P30) -> 1
C31: Quest | D31: =D17 -> 57709.133 | E31: 0.07 | F31: 0.07 | G31: 0.08 | H31: 0.08 | I31: 0.08 | J31: 0.09 | K31: 0.075 | L31: 0.075 | M31: 0.08 | N31: 0.095 | O31: 0.095 | P31: 0.11 | Q31: =SUM(E31:P31) -> 1
C32: Stokbar | D32: =D18 -> 59937.701 | E32: 0.07 | F32: 0.07 | G32: 0.08 | H32: 0.08 | I32: 0.08 | J32: 0.09 | K32: 0.075 | L32: 0.075 | M32: 0.08 | N32: 0.095 | O32: 0.095 | P32: 0.11 | Q32: =SUM(E32:P32) -> 1
C33: ServiceCore | D33: =D19 -> 25610.18 | E33: 0.07 | F33: 0.07 | G33: 0.08 | H33: 0.08 | I33: 0.08 | J33: 0.09 | K33: 0.075 | L33: 0.075 | M33: 0.08 | N33: 0.095 | O33: 0.095 | P33: 0.11 | Q33: =SUM(E33:P33) -> 1
C34: Varuna | D34: =D20 -> 9535.1744 | E34: 0.07 | F34: 0.07 | G34: 0.08 | H34: 0.08 | I34: 0.08 | J34: 0.09 | K34: 0.075 | L34: 0.075 | M34: 0.08 | N34: 0.095 | O34: 0.095 | P34: 0.11 | Q34: =SUM(E34:P34) -> 1
C35: Unidox | D35: =D21 -> 75979 | E35: 0.07 | F35: 0.07 | G35: 0.08 | H35: 0.08 | I35: 0.08 | J35: 0.09 | K35: 0.075 | L35: 0.075 | M35: 0.08 | N35: 0.095 | O35: 0.095 | P35: 0.11 | Q35: =SUM(E35:P35) -> 1
C36: Hosting | D36: =D22 -> 71972.434 | E36: 0.07 | F36: 0.07 | G36: 0.08 | H36: 0.08 | I36: 0.08 | J36: 0.09 | K36: 0.075 | L36: 0.075 | M36: 0.08 | N36: 0.095 | O36: 0.095 | P36: 0.11 | Q36: =SUM(E36:P36) -> 1
C37: BFH | D37: =D23 -> 16436.452 | E37: 0.08 | F37: 0.08 | G37: 0.09 | H37: 0.08 | I37: 0.08 | J37: 0.09 | K37: 0.075 | L37: 0.08 | M37: 0.08 | N37: 0.08 | O37: 0.09 | P37: 0.095 | Q37: =SUM(E37:P37) -> 1
C38: Toplam (TL) | D38: =SUM(D30:D37) -> 600132.21
C39: Aylık Ciro Payı (%) | E39: =AVERAGE(E30:E37) -> 0.07125 | F39: =AVERAGE(F30:F37) -> 0.07125 | G39: =AVERAGE(G30:G37) -> 0.08125 | H39: =AVERAGE(H30:H37) -> 0.079375 | I39: =AVERAGE(I30:I37) -> 0.079375 | J39: =AVERAGE(J30:J37) -> 0.09 | K39: =AVERAGE(K30:K37) -> 0.075 | L39: =AVERAGE(L30:L37) -> 0.075625 | ... P39: =AVERAGE(P30:P37) -> 0.108125 | Q39: =SUM(E39:P39) -> 1

Sheet Ürün YS-YenilemeHedefleri - 600
A1: Satış Hedef Bütçe - Ürün-Gelir Tipi Bazında (2026)
A2: Net Satış M TL | B2: Enroute | C2: Quest | D2: Stokbar | E2: ServiceCore | F2: Varuna | G2: E-Dönüşüm | H2: Hosting | I2: BFG | J2: Grand Total
A3: Direk+Endirek Satış Toplam | B3: ='2026 Bütçe - 600 (Aylık)'!D16 -> 282952.14 | C3: ='2026 Bütçe - 600 (Aylık)'!D17 -> 57709.133 | D3: ='2026 Bütçe - 600 (Aylık)'!D18 -> 59937.701 | E3: ='2026 Bütçe - 600 (Aylık)'!D19 -> 25610.18 | F3: ='2026 Bütçe - 600 (Aylık)'!D20 -> 9535.1744 | G3: ='2026 Bütçe - 600 (Aylık)'!D21 -> 75979 | H3: ='2026 Bütçe - 600 (Aylık)'!D22 -> 71972.434 | I3: ='2026 Bütçe - 600 (Aylık)'!D23 -> 16436.452 | J3: =SUM(B3:I3) -> 600132.21
A4: Yeni Satış | B4: ='2026 Bütçe - 600 (Yıllık)'!I6 -> 105080.41 | C4: ='2026 Bütçe - 600 (Yıllık)'!I7 -> 41258.034 | D4: ='2026 Bütçe - 600 (Yıllık)'!I8 -> 37527.015 | E4: ='2026 Bütçe - 600 (Yıllık)'!I9 -> 25247.208 | F4: ='2026 Bütçe - 600 (Yıllık)'!I10 -> 5709.6675 | G4: ='2026 Bütçe - 600 (Yıllık)'!I11 -> 40000 | H4: ='2026 Bütçe - 600 (Yıllık)'!I12 -> 7597.183 | I4: ='2026 Bütçe - 600 (Yıllık)'!I13 -> 16436.452 | J4: =SUM(B4:I4) -> 278855.97
A5: Yenileme | B5: ='2026 Bütçe - 600 (Yıllık)'!M6 -> 177871.73 | C5: ='2026 Bütçe - 600 (Yıllık)'!M7 -> 16451.099 | D5: ='2026 Bütçe - 600 (Yıllık)'!M8 -> 22410.686 | E5: ='2026 Bütçe - 600 (Yıllık)'!M9 -> 362.97182 | F5: ='2026 Bütçe - 600 (Yıllık)'!M10 -> 3825.5069 | G5: ='2026 Bütçe - 600 (Yıllık)'!M11 -> 35979 | H5: ='2026 Bütçe - 600 (Yıllık)'!M12 -> 64375.251 | I5: ='2026 Bütçe - 600 (Yıllık)'!M13 -> 0 | J5: =SUM(B5:I5) -> 321276.24
A7: Yeni Satış | B7: =B4/B$3 -> 0.37137168 | C7: =C4/C$3 -> 0.71493075 | D7: =D4/D$3 -> 0.62610034 | E7: =E4/E$3 -> 0.98582705 | F7: =F4/F$3 -> 0.59880053 | G7: =G4/G$3 -> 0.52646126 | H7: =H4/H$3 -> 0.10555684 | I7: =I4/I$3 -> 1 | J7: =J4/J$3 -> 0.46465756
A8: Yenileme | B8: =B5/B$3 -> 0.62862832 | C8: =C5/C$3 -> 0.28506925 | D8: =D5/D$3 -> 0.37389966 | E8: =E5/E$3 -> 0.014172951 | F8: =F5/F$3 -> 0.40119947 | G8: =G5/G$3 -> 0.47353874 | H8: =H5/H$3 -> 0.89444316 | I8: =I5/I$3 -> 0 | J8: =J5/J$3 -> 0.53534244
A11: 2026 Yılı Ürünbazında Yeni Satış ve Yenileme Aylık Hedefleri Tablosu | P11: 2026 Yılı Çeyrekler Bazında Ciro
A12: Ürünler | B12: 1 | C12: 2 | D12: 3 | E12: 4 | F12: 5 | G12: 6 | H12: 7 | I12: 8 | J12: 9 | K12: 10 | L12: 11 | M12: 12 | N12: Toplam | P12: Ürünler | Q12: 1 | R12: 2 | S12: 3 | T12: 4 | U12: Toplam
A13: Enroute | B13: ='2026 Bütçe - 600 (Aylık)'!E16 -> 19806.65 | C13: ='2026 Bütçe - 600 (Aylık)'!F16 -> 19806.65 | D13: ='2026 Bütçe - 600 (Aylık)'!G16 -> 22636.171 | E13: ='2026 Bütçe - 600 (Aylık)'!H16 -> 21221.41 | F13: ='2026 Bütçe - 600 (Aylık)'!I16 -> 21221.41 | G13: ='2026 Bütçe - 600 (Aylık)'!J16 -> 25465.692 | H13: ='2026 Bütçe - 600 (Aylık)'!K16 -> 21221.41 | I13: ='2026 Bütçe - 600 (Aylık)'!L16 -> 21221.41 | ... M13: ='2026 Bütçe - 600 (Aylık)'!P16 -> 31124.735 | N13: =SUM(B13:M13) -> 282952.14 | P13: Enroute | Q13: =SUM(B13:D13) -> 62249.47 | R13: =SUM(E13:G13) -> 67908.513 | S13: =SUM(H13:J13) -> 65078.992 | T13: =SUM(K13:M13) -> 87715.163 | U13: =SUM(Q13:T13) -> 282952.14
A14: Yeni Satış | B14: =$B$7*B13 -> 7355.6287 | C14: =$B$7*C13 -> 7355.6287 | D14: =$B$7*D13 -> 8406.4328 | E14: =$B$7*E13 -> 7881.0308 | F14: =$B$7*F13 -> 7881.0308 | G14: =$B$7*G13 -> 9457.2369 | H14: =$B$7*H13 -> 7881.0308 | I14: =$B$7*I13 -> 7881.0308 | ... M14: =$B$7*M13 -> 11558.845 | N14: =SUM(B14:M14) -> 105080.41 | P14: Yeni Satış | Q14: =SUM(B14:D14) -> 23117.69 | R14: =SUM(E14:G14) -> 25219.299 | S14: =SUM(H14:J14) -> 24168.494 | T14: =SUM(K14:M14) -> 32574.927 | U14: =SUM(Q14:T14) -> 105080.41
A15: Yenileme | B15: =$B$8*B13 -> 12451.021 | C15: =$B$8*C13 -> 12451.021 | D15: =$B$8*D13 -> 14229.738 | E15: =$B$8*E13 -> 13340.38 | F15: =$B$8*F13 -> 13340.38 | G15: =$B$8*G13 -> 16008.455 | H15: =$B$8*H13 -> 13340.38 | I15: =$B$8*I13 -> 13340.38 | ... M15: =$B$8*M13 -> 19565.89 | N15: =SUM(B15:M15) -> 177871.73 | P15: Yenileme | Q15: =SUM(B15:D15) -> 39131.78 | R15: =SUM(E15:G15) -> 42689.215 | S15: =SUM(H15:J15) -> 40910.497 | T15: =SUM(K15:M15) -> 55140.235 | U15: =SUM(Q15:T15) -> 177871.73
A16: Quest | B16: ='2026 Bütçe - 600 (Aylık)'!E17 -> 4039.6393 | C16: ='2026 Bütçe - 600 (Aylık)'!F17 -> 4039.6393 | D16: ='2026 Bütçe - 600 (Aylık)'!G17 -> 4616.7307 | E16: ='2026 Bütçe - 600 (Aylık)'!H17 -> 4616.7307 | F16: ='2026 Bütçe - 600 (Aylık)'!I17 -> 4616.7307 | G16: ='2026 Bütçe - 600 (Aylık)'!J17 -> 5193.822 | H16: ='2026 Bütçe - 600 (Aylık)'!K17 -> 4328.185 | I16: ='2026 Bütçe - 600 (Aylık)'!L17 -> 4328.185 | ... M16: ='2026 Bütçe - 600 (Aylık)'!P17 -> 6348.0047 | N16: =SUM(B16:M16) -> 57709.133 | P16: Quest | Q16: =SUM(B16:D16) -> 12696.009 | R16: =SUM(E16:G16) -> 14427.283 | S16: =SUM(H16:J16) -> 13273.101 | T16: =SUM(K16:M16) -> 17312.74 | U16: =SUM(Q16:T16) -> 57709.133 | Y16: Yeni Müşteri | Z16: Mevcut Müşteri
A17: Yeni Satış | B17: =B16*$C$7 -> 2888.0624 | C17: =C16*$C$7 -> 2888.0624 | D17: =D16*$C$7 -> 3300.6427 | E17: =E16*$C$7 -> 3300.6427 | F17: =F16*$C$7 -> 3300.6427 | G17: =G16*$C$7 -> 3713.2231 | H17: =H16*$C$7 -> 3094.3525 | I17: =I16*$C$7 -> 3094.3525 | ... M17: =M16*$C$7 -> 4538.3837 | N17: =SUM(B17:M17) -> 41258.034 | P17: Yeni Satış | Q17: =SUM(B17:D17) -> 9076.7675 | R17: =SUM(E17:G17) -> 10314.509 | S17: =SUM(H17:J17) -> 9489.3478 | T17: =SUM(K17:M17) -> 12377.41 | U17: =SUM(Q17:T17) -> 41258.034 | X17: Yeni Ürün | Y17: Yeni Satış | Z17: Yeni Satış
A18: Yenileme | B18: =B16*$C$8 -> 1151.577 | C18: =C16*$C$8 -> 1151.577 | D18: =D16*$C$8 -> 1316.0879 | E18: =E16*$C$8 -> 1316.0879 | F18: =F16*$C$8 -> 1316.0879 | G18: =G16*$C$8 -> 1480.5989 | H18: =H16*$C$8 -> 1233.8324 | I18: =I16*$C$8 -> 1233.8324 | ... M18: =M16*$C$8 -> 1809.6209 | N18: =SUM(B18:M18) -> 16451.099 | P18: Yenileme | Q18: =SUM(B18:D18) -> 3619.2418 | R18: =SUM(E18:G18) -> 4112.7748 | S18: =SUM(H18:J18) -> 3783.7528 | T18: =SUM(K18:M18) -> 4935.3298 | U18: =SUM(Q18:T18) -> 16451.099 | X18: Mevcut Ürün | Y18: Yeni Satış | Z18: Yenileme
A19: Stokbar | B19: ='2026 Bütçe - 600 (Aylık)'!E18 -> 4195.639 | C19: ='2026 Bütçe - 600 (Aylık)'!F18 -> 4195.639 | D19: ='2026 Bütçe - 600 (Aylık)'!G18 -> 4795.0161 | E19: ='2026 Bütçe - 600 (Aylık)'!H18 -> 4795.0161 | F19: ='2026 Bütçe - 600 (Aylık)'!I18 -> 4795.0161 | G19: ='2026 Bütçe - 600 (Aylık)'!J18 -> 5394.3931 | H19: ='2026 Bütçe - 600 (Aylık)'!K18 -> 4495.3275 | I19: ='2026 Bütçe - 600 (Aylık)'!L18 -> 4495.3275 | ... M19: ='2026 Bütçe - 600 (Aylık)'!P18 -> 6593.1471 | N19: =SUM(B19:M19) -> 59937.701 | P19: Stokbar | Q19: =SUM(B19:D19) -> 13186.294 | R19: =SUM(E19:G19) -> 14984.425 | S19: =SUM(H19:J19) -> 13785.671 | T19: =SUM(K19:M19) -> 17981.31 | U19: =SUM(Q19:T19) -> 59937.701
A20: Yeni Satış | B20: =B19*$D$7 -> 2626.8911 | C20: =C19*$D$7 -> 2626.8911 | D20: =D19*$D$7 -> 3002.1612 | E20: =E19*$D$7 -> 3002.1612 | F20: =F19*$D$7 -> 3002.1612 | G20: =G19*$D$7 -> 3377.4314 | H20: =H19*$D$7 -> 2814.5261 | I20: =I19*$D$7 -> 2814.5261 | ... M20: =M19*$D$7 -> 4127.9717 | N20: =SUM(B20:M20) -> 37527.015 | P20: Yeni Satış | Q20: =SUM(B20:D20) -> 8255.9433 | R20: =SUM(E20:G20) -> 9381.7538 | S20: =SUM(H20:J20) -> 8631.2134 | T20: =SUM(K20:M20) -> 11258.105 | U20: =SUM(Q20:T20) -> 37527.015
A21: Yenileme | B21: =B19*$D$8 -> 1568.748 | C21: =C19*$D$8 -> 1568.748 | D21: =D19*$D$8 -> 1792.8548 | E21: =E19*$D$8 -> 1792.8548 | F21: =F19*$D$8 -> 1792.8548 | G21: =G19*$D$8 -> 2016.9617 | H21: =H19*$D$8 -> 1680.8014 | I21: =I19*$D$8 -> 1680.8014 | ... M21: =M19*$D$8 -> 2465.1754 | N21: =SUM(B21:M21) -> 22410.686 | P21: Yenileme | Q21: =SUM(B21:D21) -> 4930.3508 | R21: =SUM(E21:G21) -> 5602.6714 | S21: =SUM(H21:J21) -> 5154.4577 | T21: =SUM(K21:M21) -> 6723.2057 | U21: =SUM(Q21:T21) -> 22410.686
A22: ServiceCore | B22: ='2026 Bütçe - 600 (Aylık)'!E19 -> 1792.7126 | C22: ='2026 Bütçe - 600 (Aylık)'!F19 -> 1792.7126 | D22: ='2026 Bütçe - 600 (Aylık)'!G19 -> 2048.8144 | E22: ='2026 Bütçe - 600 (Aylık)'!H19 -> 2048.8144 | F22: ='2026 Bütçe - 600 (Aylık)'!I19 -> 2048.8144 | G22: ='2026 Bütçe - 600 (Aylık)'!J19 -> 2304.9162 | H22: ='2026 Bütçe - 600 (Aylık)'!K19 -> 1920.7635 | I22: ='2026 Bütçe - 600 (Aylık)'!L19 -> 1920.7635 | ... M22: ='2026 Bütçe - 600 (Aylık)'!P19 -> 2817.1198 | N22: =SUM(B22:M22) -> 25610.18 | P22: ServiceCore | Q22: =SUM(B22:D22) -> 5634.2396 | R22: =SUM(E22:G22) -> 6402.545 | S22: =SUM(H22:J22) -> 5890.3414 | T22: =SUM(K22:M22) -> 7683.0539 | U22: =SUM(Q22:T22) -> 25610.18
A23: Yeni Satış | B23: =B22*$E$7 -> 1767.3046 | C23: =C22*$E$7 -> 1767.3046 | D23: =D22*$E$7 -> 2019.7766 | E23: =E22*$E$7 -> 2019.7766 | F23: =F22*$E$7 -> 2019.7766 | G23: =G22*$E$7 -> 2272.2487 | H23: =H22*$E$7 -> 1893.5406 | I23: =I22*$E$7 -> 1893.5406 | ... M23: =M22*$E$7 -> 2777.1929 | N23: =SUM(B23:M23) -> 25247.208 | P23: Yeni Satış | Q23: =SUM(B23:D23) -> 5554.3858 | R23: =SUM(E23:G23) -> 6311.802 | S23: =SUM(H23:J23) -> 5806.8578 | T23: =SUM(K23:M23) -> 7574.1624 | U23: =SUM(Q23:T23) -> 25247.208
A24: Yenileme | B24: =B22*$E$8 -> 25.408028 | C24: =C22*$E$8 -> 25.408028 | D24: =D22*$E$8 -> 29.037746 | E24: =E22*$E$8 -> 29.037746 | F24: =F22*$E$8 -> 29.037746 | G24: =G22*$E$8 -> 32.667464 | H24: =H22*$E$8 -> 27.222887 | I24: =I22*$E$8 -> 27.222887 | ... M24: =M22*$E$8 -> 39.926901 | N24: =SUM(B24:M24) -> 362.97182 | P24: Yenileme | Q24: =SUM(B24:D24) -> 79.853801 | R24: =SUM(E24:G24) -> 90.742956 | S24: =SUM(H24:J24) -> 83.48352 | T24: =SUM(K24:M24) -> 108.89155 | U24: =SUM(Q24:T24) -> 362.97182
A25: Varuna | B25: ='2026 Bütçe - 600 (Aylık)'!E20 -> 667.46221 | C25: ='2026 Bütçe - 600 (Aylık)'!F20 -> 667.46221 | D25: ='2026 Bütçe - 600 (Aylık)'!G20 -> 762.81395 | E25: ='2026 Bütçe - 600 (Aylık)'!H20 -> 762.81395 | F25: ='2026 Bütçe - 600 (Aylık)'!I20 -> 762.81395 | G25: ='2026 Bütçe - 600 (Aylık)'!J20 -> 858.16569 | H25: ='2026 Bütçe - 600 (Aylık)'!K20 -> 715.13808 | I25: ='2026 Bütçe - 600 (Aylık)'!L20 -> 715.13808 | ... M25: ='2026 Bütçe - 600 (Aylık)'!P20 -> 1048.8692 | N25: =SUM(B25:M25) -> 9535.1744 | P25: Varuna | Q25: =SUM(B25:D25) -> 2097.7384 | R25: =SUM(E25:G25) -> 2383.7936 | S25: =SUM(H25:J25) -> 2193.0901 | T25: =SUM(K25:M25) -> 2860.5523 | U25: =SUM(Q25:T25) -> 9535.1744
A26: Yeni Satış | B26: =B25*$F$7 -> 399.67673 | C26: =C25*$F$7 -> 399.67673 | D26: =D25*$F$7 -> 456.7734 | E26: =E25*$F$7 -> 456.7734 | F26: =F25*$F$7 -> 456.7734 | G26: =G25*$F$7 -> 513.87008 | H26: =H25*$F$7 -> 428.22506 | I26: =I25*$F$7 -> 428.22506 | ... M26: =M25*$F$7 -> 628.06343 | N26: =SUM(B26:M26) -> 5709.6675 | P26: Yeni Satış | Q26: =SUM(B26:D26) -> 1256.1269 | R26: =SUM(E26:G26) -> 1427.4169 | S26: =SUM(H26:J26) -> 1313.2235 | T26: =SUM(K26:M26) -> 1712.9003 | U26: =SUM(Q26:T26) -> 5709.6675
A27: Yenileme | B27: =B25*$F$8 -> 267.78548 | C27: =C25*$F$8 -> 267.78548 | D27: =D25*$F$8 -> 306.04055 | E27: =E25*$F$8 -> 306.04055 | F27: =F25*$F$8 -> 306.04055 | G27: =G25*$F$8 -> 344.29562 | H27: =H25*$F$8 -> 286.91302 | I27: =I25*$F$8 -> 286.91302 | ... M27: =M25*$F$8 -> 420.80576 | N27: =SUM(B27:M27) -> 3825.5069 | P27: Yenileme | Q27: =SUM(B27:D27) -> 841.61151 | R27: =SUM(E27:G27) -> 956.37672 | S27: =SUM(H27:J27) -> 879.86658 | T27: =SUM(K27:M27) -> 1147.6521 | U27: =SUM(Q27:T27) -> 3825.5069
A28: Unidox | B28: ='2026 Bütçe - 600 (Aylık)'!E21 -> 5318.53 | C28: ='2026 Bütçe - 600 (Aylık)'!F21 -> 5318.53 | D28: ='2026 Bütçe - 600 (Aylık)'!G21 -> 6078.32 | E28: ='2026 Bütçe - 600 (Aylık)'!H21 -> 6078.32 | F28: ='2026 Bütçe - 600 (Aylık)'!I21 -> 6078.32 | G28: ='2026 Bütçe - 600 (Aylık)'!J21 -> 6838.11 | H28: ='2026 Bütçe - 600 (Aylık)'!K21 -> 5698.425 | I28: ='2026 Bütçe - 600 (Aylık)'!L21 -> 5698.425 | ... M28: ='2026 Bütçe - 600 (Aylık)'!P21 -> 8357.69 | N28: =SUM(B28:M28) -> 75979 | P28: Unidox | Q28: =SUM(B28:D28) -> 16715.38 | R28: =SUM(E28:G28) -> 18994.75 | S28: =SUM(H28:J28) -> 17475.17 | T28: =SUM(K28:M28) -> 22793.7 | U28: =SUM(Q28:T28) -> 75979
A29: Yeni Satış | B29: =B28*$G$7 -> 2800 | C29: =C28*$G$7 -> 2800 | D29: =D28*$G$7 -> 3200 | E29: =E28*$G$7 -> 3200 | F29: =F28*$G$7 -> 3200 | G29: =G28*$G$7 -> 3600 | H29: =H28*$G$7 -> 3000 | I29: =I28*$G$7 -> 3000 | ... M29: =M28*$G$7 -> 4400 | N29: =SUM(B29:M29) -> 40000 | P29: Yeni Satış | Q29: =SUM(B29:D29) -> 8800 | R29: =SUM(E29:G29) -> 10000 | S29: =SUM(H29:J29) -> 9200 | T29: =SUM(K29:M29) -> 12000 | U29: =SUM(Q29:T29) -> 40000
A30: Yenileme | B30: =B28*$G$8 -> 2518.53 | C30: =C28*$G$8 -> 2518.53 | D30: =D28*$G$8 -> 2878.32 | E30: =E28*$G$8 -> 2878.32 | F30: =F28*$G$8 -> 2878.32 | G30: =G28*$G$8 -> 3238.11 | H30: =H28*$G$8 -> 2698.425 | I30: =I28*$G$8 -> 2698.425 | ... M30: =M28*$G$8 -> 3957.69 | N30: =SUM(B30:M30) -> 35979 | P30: Yenileme | Q30: =SUM(B30:D30) -> 7915.38 | R30: =SUM(E30:G30) -> 8994.75 | S30: =SUM(H30:J30) -> 8275.17 | T30: =SUM(K30:M30) -> 10793.7 | U30: =SUM(Q30:T30) -> 35979
A31: Hosting | B31: ='2026 Bütçe - 600 (Aylık)'!E22 -> 5038.0704 | C31: ='2026 Bütçe - 600 (Aylık)'!F22 -> 5038.0704 | D31: ='2026 Bütçe - 600 (Aylık)'!G22 -> 5757.7947 | E31: ='2026 Bütçe - 600 (Aylık)'!H22 -> 5757.7947 | F31: ='2026 Bütçe - 600 (Aylık)'!I22 -> 5757.7947 | G31: ='2026 Bütçe - 600 (Aylık)'!J22 -> 6477.519 | H31: ='2026 Bütçe - 600 (Aylık)'!K22 -> 5397.9325 | I31: ='2026 Bütçe - 600 (Aylık)'!L22 -> 5397.9325 | ... M31: ='2026 Bütçe - 600 (Aylık)'!P22 -> 7916.9677 | N31: =SUM(B31:M31) -> 71972.434 | P31: Hosting | Q31: =SUM(B31:D31) -> 15833.935 | R31: =SUM(E31:G31) -> 17993.108 | S31: =SUM(H31:J31) -> 16553.66 | T31: =SUM(K31:M31) -> 21591.73 | U31: =SUM(Q31:T31) -> 71972.434
A32: Yeni Satış | B32: =B31*$H$7 -> 531.80281 | C32: =C31*$H$7 -> 531.80281 | D32: =D31*$H$7 -> 607.77464 | E32: =E31*$H$7 -> 607.77464 | F32: =F31*$H$7 -> 607.77464 | G32: =G31*$H$7 -> 683.74647 | H32: =H31*$H$7 -> 569.78872 | I32: =I31*$H$7 -> 569.78872 | ... M32: =M31*$H$7 -> 835.69013 | N32: =SUM(B32:M32) -> 7597.183 | P32: Yeni Satış | Q32: =SUM(B32:D32) -> 1671.3803 | R32: =SUM(E32:G32) -> 1899.2957 | S32: =SUM(H32:J32) -> 1747.3521 | T32: =SUM(K32:M32) -> 2279.1549 | U32: =SUM(Q32:T32) -> 7597.183
A33: Yenileme | B33: =B31*$H$8 -> 4506.2676 | C33: =C31*$H$8 -> 4506.2676 | D33: =D31*$H$8 -> 5150.0201 | E33: =E31*$H$8 -> 5150.0201 | F33: =F31*$H$8 -> 5150.0201 | G33: =G31*$H$8 -> 5793.7726 | H33: =H31*$H$8 -> 4828.1438 | I33: =I31*$H$8 -> 4828.1438 | ... M33: =M31*$H$8 -> 7081.2776 | N33: =SUM(B33:M33) -> 64375.251 | P33: Yenileme | Q33: =SUM(B33:D33) -> 14162.555 | R33: =SUM(E33:G33) -> 16093.813 | S33: =SUM(H33:J33) -> 14806.308 | T33: =SUM(K33:M33) -> 19312.575 | U33: =SUM(Q33:T33) -> 64375.251
A34: BFH | B34: ='2026 Bütçe - 600 (Aylık)'!E23 -> 1314.9162 | C34: ='2026 Bütçe - 600 (Aylık)'!F23 -> 1314.9162 | D34: ='2026 Bütçe - 600 (Aylık)'!G23 -> 1479.2807 | E34: ='2026 Bütçe - 600 (Aylık)'!H23 -> 1314.9162 | F34: ='2026 Bütçe - 600 (Aylık)'!I23 -> 1314.9162 | G34: ='2026 Bütçe - 600 (Aylık)'!J23 -> 1479.2807 | H34: ='2026 Bütçe - 600 (Aylık)'!K23 -> 1232.7339 | I34: ='2026 Bütçe - 600 (Aylık)'!L23 -> 1314.9162 | ... M34: ='2026 Bütçe - 600 (Aylık)'!P23 -> 1561.4629 | N34: =SUM(B34:M34) -> 16436.452 | P34: BFH | Q34: =SUM(B34:D34) -> 4109.113 | R34: =SUM(E34:G34) -> 4109.113 | S34: =SUM(H34:J34) -> 3862.5662 | T34: =SUM(K34:M34) -> 4355.6598 | U34: =SUM(Q34:T34) -> 16436.452
A35: Yeni Satış | B35: =B34*$I$7 -> 1314.9162 | C35: =C34*$I$7 -> 1314.9162 | D35: =D34*$I$7 -> 1479.2807 | E35: =E34*$I$7 -> 1314.9162 | F35: =F34*$I$7 -> 1314.9162 | G35: =G34*$I$7 -> 1479.2807 | H35: =H34*$I$7 -> 1232.7339 | I35: =I34*$I$7 -> 1314.9162 | ... M35: =M34*$I$7 -> 1561.4629 | N35: =SUM(B35:M35) -> 16436.452 | P35: Yeni Satış | Q35: =SUM(B35:D35) -> 4109.113 | R35: =SUM(E35:G35) -> 4109.113 | S35: =SUM(H35:J35) -> 3862.5662 | T35: =SUM(K35:M35) -> 4355.6598 | U35: =SUM(Q35:T35) -> 16436.452
A36: Yenileme | B36: =B34*$I$8 -> 0 | C36: =C34*$I$8 -> 0 | D36: =D34*$I$8 -> 0 | E36: =E34*$I$8 -> 0 | F36: =F34*$I$8 -> 0 | G36: =G34*$I$8 -> 0 | H36: =H34*$I$8 -> 0 | I36: =I34*$I$8 -> 0 | ... M36: =M34*$I$8 -> 0 | N36: =SUM(B36:M36) -> 0 | P36: Yenileme | Q36: =SUM(B36:D36) -> 0 | R36: =SUM(E36:G36) -> 0 | S36: =SUM(H36:J36) -> 0 | T36: =SUM(K36:M36) -> 0 | U36: =SUM(Q36:T36) -> 0
A37: Toplam Yeni Satış | B37: =SUMIF($A$13:$A$36,"Yeni Satış",B13:B36) -> 19684.282 | C37: =SUMIF($A$13:$A$36,"Yeni Satış",C13:C36) -> 19684.282 | D37: =SUMIF($A$13:$A$36,"Yeni Satış",D13:D36) -> 22472.842 | E37: =SUMIF($A$13:$A$36,"Yeni Satış",E13:E36) -> 21783.076 | F37: =SUMIF($A$13:$A$36,"Yeni Satış",F13:F36) -> 21783.076 | G37: =SUMIF($A$13:$A$36,"Yeni Satış",G13:G36) -> 25097.037 | H37: =SUMIF($A$13:$A$36,"Yeni Satış",H13:H36) -> 20914.198 | I37: =SUMIF($A$13:$A$36,"Yeni Satış",I13:I36) -> 20996.38 | ... N37: =SUMIF($A$13:$A$36,"Yeni Satış",N13:N36) -> 278855.97 | P37: Toplam Yeni Satış | Q37: =SUMIF($A$13:$A$36,"Yeni Satış",Q13:Q36) -> 61841.407 | R37: =SUMIF($A$13:$A$36,"Yeni Satış",R13:R36) -> 68663.188 | S37: =SUMIF($A$13:$A$36,"Yeni Satış",S13:S36) -> 64219.055 | T37: =SUMIF($A$13:$A$36,"Yeni Satış",T13:T36) -> 84132.319 | U37: =SUMIF($A$13:$A$36,"Yeni Satış",U13:U36) -> 278855.97
A38: Toplam Yenileme | B38: =SUMIF($A$13:$A$36,"Yeni Satış",B14:B37) -> 22489.337 | C38: =SUMIF($A$13:$A$36,"Yeni Satış",C14:C37) -> 22489.337 | D38: =SUMIF($A$13:$A$36,"Yeni Satış",D14:D37) -> 25702.099 | E38: =SUMIF($A$13:$A$36,"Yeni Satış",E14:E37) -> 24812.741 | F38: =SUMIF($A$13:$A$36,"Yeni Satış",F14:F37) -> 24812.741 | G38: =SUMIF($A$13:$A$36,"Yeni Satış",G14:G37) -> 28914.862 | H38: =SUMIF($A$13:$A$36,"Yeni Satış",H14:H37) -> 24095.718 | I38: =SUMIF($A$13:$A$36,"Yeni Satış",I14:I37) -> 24095.718 | ... N38: =SUMIF($A$13:$A$36,"Yeni Satış",N14:N37) -> 321276.24 | P38: Toplam Yenileme | Q38: =SUMIF($A$13:$A$36,"Yeni Satış",Q14:Q37) -> 70680.773 | R38: =SUMIF($A$13:$A$36,"Yeni Satış",R14:R37) -> 78540.343 | S38: =SUMIF($A$13:$A$36,"Yeni Satış",S14:S37) -> 73893.536 | T38: =SUMIF($A$13:$A$36,"Yeni Satış",T14:T37) -> 98161.59 | U38: =SUMIF($A$13:$A$36,"Yeni Satış",U14:U37) -> 321276.24
A39: Toplam (TL) | B39: =SUM(B37:B38) -> 42173.619 | C39: =SUM(C37:C38) -> 42173.619 | D39: =SUM(D37:D38) -> 48174.941 | E39: =SUM(E37:E38) -> 46595.816 | F39: =SUM(F37:F38) -> 46595.816 | G39: =SUM(G37:G38) -> 54011.899 | H39: =SUM(H37:H38) -> 45009.916 | I39: =SUM(I37:I38) -> 45092.098 | ... N39: =SUM(N37:N38) -> 600132.21 | P39: Toplam | Q39: =SUM(Q37:Q38) -> 132522.18 | R39: =SUM(R37:R38) -> 147203.53 | S39: =SUM(S37:S38) -> 138112.59 | T39: =SUM(T37:T38) -> 182293.91 | U39: =SUM(U37:U38) -> 600132.21
A40: Toplam (%) | B40: 0.071 | C40: 0.071 | D40: 0.081 | E40: 0.079 | F40: 0.079 | G40: 0.09 | H40: 0.075 | I40: 0.076 | J40: 0.08 | K40: 0.094 | L40: 0.095 | M40: 0.108 | N40: 1 | P40: Toplam (%) | Q40: =Q39/N39 -> 0.22082164 | R40: =R39/N39 -> 0.24528517 | S40: =S39/N39 -> 0.23013694 | T40: =T39/N39 -> 0.30375625 | U40: =U39/N39 -> 1
E42: 132522
A43: 2026 Yılı Aylık Ciro Dağılım Tablosu | P43: 2026 Yılı Çeyrekler Bazında Ciro Dağılım Tablosu
A44: Ürünler | B44: 1 | C44: 2 | D44: 3 | E44: 4 | F44: 5 | G44: 6 | H44: 7 | I44: 8 | J44: 9 | K44: 10 | L44: 11 | M44: 12 | N44: Toplam | P44: Ürünler | Q44: 1 | R44: 2 | S44: 3 | T44: 4 | U44: Toplam
A45: Enroute | B45: 0.07 | C45: 0.07 | D45: 0.08 | E45: 0.08 | F45: 0.08 | G45: 0.09 | H45: 0.08 | I45: 0.08 | J45: 0.08 | K45: 0.1 | L45: 0.1 | M45: 0.11 | N45: 1 | P45: Enroute | Q45: 0.22 | R45: 0.24 | S45: 0.23 | T45: 0.31 | U45: 1
A46: Quest | B46: 0.07 | C46: 0.07 | D46: 0.08 | E46: 0.08 | F46: 0.08 | G46: 0.09 | H46: 0.08 | I46: 0.08 | J46: 0.08 | K46: 0.1 | L46: 0.1 | M46: 0.11 | N46: 1 | P46: Quest | Q46: 0.22 | R46: 0.25 | S46: 0.23 | T46: 0.3 | U46: 1
A47: Stokbar | B47: 0.07 | C47: 0.07 | D47: 0.08 | E47: 0.08 | F47: 0.08 | G47: 0.09 | H47: 0.08 | I47: 0.08 | J47: 0.08 | K47: 0.1 | L47: 0.1 | M47: 0.11 | N47: 1 | P47: Stokbar | Q47: 0.22 | R47: 0.25 | S47: 0.23 | T47: 0.3 | U47: 1
A48: CallDesk | B48: 0.07 | C48: 0.07 | D48: 0.08 | E48: 0.08 | F48: 0.08 | G48: 0.09 | H48: 0.08 | I48: 0.08 | J48: 0.08 | K48: 0.1 | L48: 0.1 | M48: 0.11 | N48: 1 | P48: CallDesk | Q48: 0.22 | R48: 0.25 | S48: 0.23 | T48: 0.3 | U48: 1
A49: Varuna | B49: 0.07 | C49: 0.07 | D49: 0.08 | E49: 0.08 | F49: 0.08 | G49: 0.09 | H49: 0.08 | I49: 0.08 | J49: 0.08 | K49: 0.1 | L49: 0.1 | M49: 0.11 | N49: 1 | P49: Varuna | Q49: 0.22 | R49: 0.25 | S49: 0.23 | T49: 0.3 | U49: 1
A50: Unidox | B50: 0.07 | C50: 0.07 | D50: 0.08 | E50: 0.08 | F50: 0.08 | G50: 0.09 | H50: 0.08 | I50: 0.08 | J50: 0.08 | K50: 0.1 | L50: 0.1 | M50: 0.11 | N50: 1 | P50: Unidox | Q50: 0.22 | R50: 0.25 | S50: 0.23 | T50: 0.3 | U50: 1
A51: Hosting | B51: 0.07 | C51: 0.07 | D51: 0.08 | E51: 0.08 | F51: 0.08 | G51: 0.09 | H51: 0.08 | I51: 0.08 | J51: 0.08 | K51: 0.1 | L51: 0.1 | M51: 0.11 | N51: 1 | P51: Hosting | Q51: 0.22 | R51: 0.25 | S51: 0.23 | T51: 0.3 | U51: 1
A52: BFH | B52: 0.08 | C52: 0.08 | D52: 0.09 | E52: 0.08 | F52: 0.08 | G52: 0.09 | H52: 0.08 | I52: 0.08 | J52: 0.08 | K52: 0.08 | L52: 0.09 | M52: 0.1 | N52: 1 | P52: BFH | Q52: 0.25 | R52: 0.25 | S52: 0.24 | T52: 0.27 | U52: 1
A53: Aylık Ciro Payı (%) | B53: 0.071 | C53: 0.071 | D53: 0.081 | E53: 0.079 | F53: 0.079 | G53: 0.09 | H53: 0.075 | I53: 0.076 | J53: 0.08 | K53: 0.094 | L53: 0.095 | M53: 0.108 | N53: 1 | P53: Aylık Ciro Payı (%) | Q53: 0.071 | R53: 0.071 | S53: 0.081 | T53: 0.079 | U53: 1

Sheet SatışEkibi YS-Yen. Hed - 600
A1: Yenileme 2026 | B1: 0.3
A4: Satış Hedef Bütçe - Ürün Bazlı
A5: Net Satış M TL | B5: Yeni Satış 2025 | C5: Yenileme 2025 | D5: Total 2025 | E5: YS Büyüme Hedefi | F5: Yeni Satış 2026 | G5: Yenileme 2026 | H5: Total 2026 | I5: 2026 Büyüme | J5: Satış İçindeki Oranı
A6: Enroute | B6: 70053607 | C6: 143242813 | D6: =B6+C6 -> 213296420 | E6: 0.4 | F6: ='2026 Bütçe - 600 (Yıllık)'!I6*1000 -> 1.0508041e+08 | G6: ='2026 Bütçe - 600 (Yıllık)'!M6*1000 -> 1.7787173e+08 | H6: =F6+G6 -> 2.8295214e+08 | I6: =H6/D6-1 -> 0.32656768 | J6: =H6/$H$14 -> 0.15223598
A7: Stokbar | B7: 25018010 | C7: 19223725 | D7: =B7+C7 -> 44241735 | E7: 0.4 | F7: ='2026 Bütçe - 600 (Yıllık)'!I7*1000 -> 41258034 | G7: ='2026 Bütçe - 600 (Yıllık)'!M7*1000 -> 16451099 | H7: =F7+G7 -> 57709133 | I7: =H7/D7-1 -> 0.30440484 | J7: =H7/$H$14 -> 0.031049091
A8: Quest | B8: 13752678 | C8: 13930924 | D8: =B8+C8 -> 27683602 | E8: 2 | F8: ='2026 Bütçe - 600 (Yıllık)'!I8*1000 -> 37527015 | G8: ='2026 Bütçe - 600 (Yıllık)'!M8*1000 -> 22410686 | H8: =F8+G8 -> 59937701 | I8: =H8/D8-1 -> 1.1650976 | J8: =H8/$H$14 -> 0.032248121
A9: ServiceCore | B9: 8415735.8 | C9: 4773940.6 | D9: =B9+C9 -> 13189676 | E9: 1.5 | F9: ='2026 Bütçe - 600 (Yıllık)'!I9*1000 -> 25247208 | G9: ='2026 Bütçe - 600 (Yıllık)'!M9*1000 -> 362971.82 | H9: =F9+G9 -> 25610180 | I9: =H9/D9-1 -> 0.94168372 | J9: =H9/$H$14 -> 0.013778977
A10: Varuna | B10: 3806445 | C10: 2987175 | D10: =B10+C10 -> 6793620 | E10: 0.5 | F10: ='2026 Bütçe - 600 (Yıllık)'!I10*1000 -> 5709667.5 | G10: ='2026 Bütçe - 600 (Yıllık)'!M10*1000 -> 3825506.9 | H10: =F10+G10 -> 9535174.4 | I10: =H10/D10-1 -> 0.40354838 | J10: =H10/$H$14 -> 0.0051301844
A11: Hosting | B11: 690653.09 | C11: 48585095 | D11: =B11+C11 -> 49275748 | E11: 10 | F11: ='2026 Bütçe - 600 (Yıllık)'!I12*1000 -> 7597183 | G11: ='2026 Bütçe - 600 (Yıllık)'!M12*1000 -> 64375251 | H11: =F11+G11 -> 71972434 | I11: =H11/D11-1 -> 0.46060562 | J11: =H11/$H$14 -> 0.038723136
A12: E-Dönüşüm | B12: 25326464 | D12: =B12+C12 -> 25326464 | E12: 2 | F12: ='2026 Bütçe - 600 (Yıllık)'!I11*1000 -> 40000000 | G12: ='2026 Bütçe - 600 (Yıllık)'!M11*'2026 Bütçe - 600 (Yıllık)'!M11 -> 1294488441 | H12: =F12+G12 -> 1334488441 | I12: =H12/D12-1 -> 51.691463 | J12: =H12/$H$14 -> 0.71799125
A13: BFG | B13: 4980743 | D13: 4980743 | E13: 2.3 | F13: ='2026 Bütçe - 600 (Yıllık)'!I13*1000 -> 16436452 | G13: ='2026 Bütçe - 600 (Yıllık)'!M13*1000 -> 0 | H13: =F13+G13 -> 16436452 | I13: =H13/D13-1 -> 2.3 | J13: =H13/$H$14 -> 0.0088432603
A14: Grand Total | B14: =SUM(B6:B13) -> 1.5204434e+08 | C14: =SUM(C6:C13) -> 2.3274367e+08 | D14: =SUM(D6:D13) -> 3.8478801e+08 | F14: =SUM(F6:F13) -> 2.7885597e+08 | G14: =SUM(G6:G13) -> 1.5797857e+09 | H14: =SUM(H6:H13) -> 1.8586417e+09 | I14: =H14/D14-1 -> 3.8303004 | J14: =H14/$H$14 -> 1
A16: Satış Hedef Bütçe - Ürün ve Gelir Tipi Bazında Bazlı (2025-2026) | M16: Yeni Satış | N16: Yenileme | O16: Toplam
A17: Net Satış M TL | B17: Enroute | C17: Stokbar | D17: Quest | E17: ServiceCore | F17: Varuna | G17: Hosting | H17: E-Dönüşüm | I17: BFG | J17: Grand Total | L17: Enroute | M17: 105080.41 | N17: 177871.73 | O17: =SUM(M17:N17) -> 282952.14
A18: Yeni Satış 2025 | B18: 70053607 | C18: 25018010 | D18: 13752678 | E18: 8415735.8 | F18: 3806445 | G18: 690653.09 | H18: 25326464 | I18: 4980743 | J18: =SUM(B18:I18) -> 1.5204434e+08 | L18: Quest | M18: 41258.034 | N18: 16451.099 | O18: =SUM(M18:N18) -> 57709.133
A19: Yenileme 2025 | B19: 143242813 | C19: 19223725 | D19: 13930924 | E19: 4773940.6 | F19: 2987175 | G19: 48585095 | J19: =SUM(B19:I19) -> 2.3274367e+08 | L19: Stokbar | M19: 37527.015 | N19: 22410.686 | O19: =SUM(M19:N19) -> 59937.701
A20: Total 2025 | B20: =(B18+B19) -> 213296420 | C20: =(C18+C19) -> 44241735 | D20: =(D18+D19) -> 27683602 | E20: =(E18+E19) -> 13189676 | F20: =(F18+F19) -> 6793620 | G20: =(G18+G19) -> 49275748 | H20: =(H18+H19) -> 25326464 | I20: =(I18+I19) -> 4980743 | J20: =SUM(B20:I20) -> 3.8478801e+08 | L20: ServiceCore | M20: 25247.208 | N20: 362.97182 | O20: =SUM(M20:N20) -> 25610.18
L21: Varuna | M21: =5709+3826 -> 9535 | N21: 0 | O21: =SUM(M21:N21) -> 9535
A22: YS Büyüme Hedefi | B22: 0.4 | C22: 0.4 | D22: 2 | E22: 1.5 | F22: 0.5 | G22: 10 | H22: 2 | I22: 2.3 | L22: Unidox | M22: 40000 | N22: 35979 | O22: =SUM(M22:N22) -> 75979
A23: Yenileme 2026 Hedefi | B23: 0.3 | C23: =B23 -> 0.3 | D23: =C23 -> 0.3 | E23: =D23 -> 0.3 | F23: =E23 -> 0.3 | G23: 0.331 | H23: =G23 -> 0.331 | I23: =H23 -> 0.331 | L23: Hosting | M23: 7597.183 | N23: 64375.251 | O23: =SUM(M23:N23) -> 71972.434
A24: Yeni Satış 2026 | B24: 1.0508041e+08 | C24: 41258034 | D24: 37527015 | E24: 25247208 | F24: 5709667.5 | G24: 7597183 | H24: 40000000 | I24: 16436452 | J24: =SUM(B24:I24) -> 2.7885597e+08 | L24: BFH | M24: 16436.452 | N24: 0 | O24: =SUM(M24:N24) -> 16436.452
A25: Yenileme 2026 | B25: 1.7787173e+08 | C25: 16451099 | D25: 22410686 | E25: 362971.82 | F25: 3825506.9 | G25: 64375251 | H25: 35979000 | I25: 0 | J25: =SUM(B25:I25) -> 3.2127624e+08 | L25: Toplam | M25: =SUM(M17:M24) -> 282681.3 | N25: =SUM(N17:N24) -> 317450.73 | O25: =SUM(O17:O24) -> 600132.04
A26: Total 2026 | B26: =B24+B25 -> 2.8295214e+08 | C26: =C24+C25 -> 57709133 | D26: =D24+D25 -> 59937701 | E26: =E24+E25 -> 25610180 | F26: =F24+F25 -> 9535174.4 | G26: =G24+G25 -> 71972434 | H26: =H24+H25 -> 75979000 | I26: =I24+I25 -> 16436452 | J26: =SUM(B26:I26) -> 6.0013221e+08
A27: Ciro Oranı | B27: =B26/$J$26 -> 0.471483 | C27: =C26/$J$26 -> 0.0961607 | D27: =D26/$J$26 -> 0.09987416 | E27: =E26/$J$26 -> 0.04267423 | F27: =F26/$J$26 -> 0.015888456 | G27: =G26/$J$26 -> 0.11992763 | H27: =H26/$J$26 -> 0.12660377 | I27: =I26/$J$26 -> 0.027388051
A29: Satış Hedef Bütçe - Ürün-Gelir Tipi ve Müşteri Yöneticisi Bazında (2026) | L29: Satış Hedef Bütçe - Ürün-Gelir Tipi ve Müşteri Yöneticisi Bazında (2026)
A30: Net Satış M TL | B30: Enroute | C30: Stokbar | D30: Quest | E30: ServiceCore | F30: Varuna | G30: Hosting | H30: E-Dönüşüm | I30: BFG | J30: Grand Total | L30: Net Satış M TL | M30: Enroute | N30: Stokbar | O30: Quest | P30: ServiceCore | Q30: Varuna | R30: Hosting | S30: E-Dönüşüm | T30: BFG
A31: Direk+Endirek Satış Toplam | B31: =B35+B59 -> 282952.25 | C31: =C35+C59 -> 57709.245 | D31: =D35+D59 -> 59936.679 | E31: =E35+E59 -> 25610.18 | F31: =F35+F59 -> 9536 | G31: =G35+G59 -> 71971.589 | H31: =H35+H59 -> 75979.392 | I31: =I35+I59 -> 16436 | J31: =J35+J59 -> 600131.34 | L31: Direk+Endirek Satış Toplam | M31: =SUM(M32:M33) -> 1 | N31: =SUM(N32:N33) -> 1 | O31: =SUM(O32:O33) -> 1 | P31: =SUM(P32:P33) -> 1 | Q31: =SUM(Q32:Q33) -> 1 | R31: =SUM(R32:R33) -> 1 | S31: =SUM(S32:S33) -> 1 | T31: =SUM(T32:T33) -> 1
A32: Yeni Satış | B32: =B37+B40+B43+B46+B49+B52+B67+B61+B64+B55 -> 105080 | C32: =C37+C40+C43+C46+C49+C52+C67+C61+C64+C55 -> 41258.082 | D32: =D37+D40+D43+D46+D49+D52+D67+D61+D64+D55 -> 37527 | E32: =E37+E40+E43+E46+E49+E52+E67+E61+E64+E55 -> 25247.208 | F32: =F37+F40+F43+F46+F49+F52+F67+F61+F64+F55 -> 5710 | G32: =G37+G40+G43+G46+G49+G52+G67+G61+G64+G55 -> 7597 | H32: =H37+H40+H43+H46+H49+H52+H67+H61+H64+H55 -> 40000 | I32: =I37+I40+I43+I46+I49+I52+I67+I61+I64+I55 -> 16436 | J32: =SUM(B32:I32) -> 278855.29 | L32: Yeni Satış | M32: =B32/$B$31 -> 0.37137008 | N32: =C32/$C$31 -> 0.71493019 | O32: =D32/$D$31 -> 0.62611076 | P32: =E32/$E$31 -> 0.98582705 | Q32: =F32/$F$31 -> 0.59878356 | R32: =G32/$G$31 -> 0.10555554 | S32: =H32/$H$31 -> 0.52645854 | T32: =I32/$I$31 -> 1
A33: Yenileme | B33: =B38+B41+B44+B47+B50+B53+B68+B62+B65+B56 -> 177872.25 | C33: =C38+C41+C44+C47+C50+C53+C68+C62+C65+C56 -> 16451.163 | D33: =D38+D41+D44+D47+D50+D53+D68+D62+D65+D56 -> 22409.679 | E33: =E38+E41+E44+E47+E50+E53+E68+E62+E65+E56 -> 362.97182 | F33: =F38+F41+F44+F47+F50+F53+F68+F62+F65+F56 -> 3826 | G33: =G38+G41+G44+G47+G50+G53+G68+G62+G65+G56 -> 64374.589 | H33: =H38+H41+H44+H47+H50+H53+H68+H62+H65+H56 -> 35979.392 | I33: =I38+I41+I44+I47+I50+I53+I68+I62+I65+I56 -> 0 | J33: =SUM(B33:I33) -> 321276.05 | L33: Yenileme | M33: =B33/$B$31 -> 0.62862992 | N33: =C33/$C$31 -> 0.28506981 | O33: =D33/$D$31 -> 0.37388924 | P33: =E33/$E$31 -> 0.014172951 | Q33: =F33/$F$31 -> 0.40121644 | R33: =G33/$G$31 -> 0.89444446 | S33: =H33/$H$31 -> 0.47354146 | T33: =I33/$I$31 -> 0
A35: Direk Satış | B35: =B36+B39+B42+B45+B48+B51+B54 -> 264917 | C35: =C36+C39+C42+C45+C48+C51+C54 -> 53391 | D35: =D36+D39+D42+D45+D48+D51+D54 -> 59590.339 | E35: =E36+E39+E42+E45+E48+E51+E54 -> 25610.18 | F35: =F36+F39+F42+F45+F48+F51+F54 -> 9536 | G35: =G36+G39+G42+G45+G48+G51+G54 -> 69326 | H35: =H36+H39+H42+H45+H48+H51+H54 -> 0 | I35: =I36+I39+I42+I45+I48+I51+I54 -> 15936 | J35: =SUM(B35:I35) -> 498306.52 | L35: Direk Satış | M35: =B35/B31 -> 0.93626044 | N35: =C35/C31 -> 0.92517239 | O35: =D35/D31 -> 0.99422156 | P35: =E35/E31 -> 1 | Q35: =F35/F31 -> 1 | R35: =G35/G31 -> 0.9632412 | S35: =H35/H31 -> 0 | T35: =I35/I31 -> 0.96957897
A36: Mülkiye Akdoğaner | B36: =SUM(B37:B38) -> 98500 | C36: =SUM(C37:C38) -> 10000 | D36: =SUM(D37:D38) -> 20400 | E36: =SUM(E37:E38) -> 0 | F36: =SUM(F37:F38) -> 1010 | G36: =SUM(G37:G38) -> 35468 | H36: =SUM(H37:H38) -> 0 | I36: =SUM(I37:I38) -> 4000 | J36: =SUM(J37:J38) -> 169378 | L36: Mülkiye Akdoğaner | M36: =SUM(M37:M38) -> 0.34811527 | N36: =SUM(N37:N38) -> 0.17328246 | O36: =SUM(O37:O38) -> 0.3403592 | P36: =SUM(P37:P38) -> 0 | Q36: =SUM(Q37:Q38) -> 0.10591443 | R36: =SUM(R37:R38) -> 0.49280557 | S36: =SUM(S37:S38) -> 0 | T36: =SUM(T37:T38) -> 0.24336822
A37: Yeni Satış | B37: 35000 | C37: 10000 | D37: 12000 | F37: 1010 | G37: 1000 | I37: 4000 | J37: =SUM(B37:I37) -> 63010 | L37: Yeni Satış | M37: =B37/$B$31 -> 0.12369578 | N37: =C37/$C$31 -> 0.17328246 | O37: =D37/$D$31 -> 0.20021129 | P37: =E37/$E$31 -> 0 | Q37: =F37/$F$31 -> 0.10591443 | R37: =G37/$G$31 -> 0.013894372 | S37: =H37/$H$31 -> 0 | T37: =I37/$I$31 -> 0.24336822
A38: Yenileme | B38: 63500 | C38: 0 | D38: 8400 | F38: 0 | G38: 34468 | I38: =(I$25*$B$101)/1000 -> 0 | J38: =SUM(B38:I38) -> 106368 | L38: Yenileme | M38: =B38/$B$31 -> 0.22441949 | N38: =C38/$C$31 -> 0 | O38: =D38/$D$31 -> 0.1401479 | P38: =E38/$E$31 -> 0 | Q38: =F38/$F$31 -> 0 | R38: =G38/$G$31 -> 0.4789112 | S38: =H38/$H$31 -> 0 | T38: =I38/$I$31 -> 0
A39: Begüm Hayta | B39: =SUM(B40:B41) -> 76000 | C39: =SUM(C40:C41) -> 14699 | D39: =SUM(D40:D41) -> 15800 | E39: =SUM(E40:E41) -> 0 | F39: =SUM(F40:F41) -> 1100 | G39: =SUM(G40:G41) -> 16610 | H39: =SUM(H40:H41) -> 0 | I39: =SUM(I40:I41) -> 4000 | J39: =SUM(J40:J41) -> 128209 | L39: Begüm Hayta | M39: =SUM(M40:M41) -> 0.26859656 | N39: =SUM(N40:N41) -> 0.25470789 | O39: =SUM(O40:O41) -> 0.26361153 | P39: =SUM(P40:P41) -> 0 | Q39: =SUM(Q40:Q41) -> 0.11535235 | R39: =SUM(R40:R41) -> 0.23078551 | S39: =SUM(S40:S41) -> 0 | T39: =SUM(T40:T41) -> 0.24336822
A40: Yeni Satış | B40: 30000 | C40: 9000 | D40: 9400 | F40: 1100 | G40: 1000 | I40: 4000 | J40: =SUM(B40:I40) -> 54500 | L40: Yeni Satış | M40: =B40/$B$31 -> 0.10602496 | N40: =C40/$C$31 -> 0.15595422 | O40: =D40/$D$31 -> 0.15683218 | P40: =E40/$E$31 -> 0 | Q40: =F40/$F$31 -> 0.11535235 | R40: =G40/$G$31 -> 0.013894372 | S40: =H40/$H$31 -> 0 | T40: =I40/$I$31 -> 0.24336822
A41: Yenileme | B41: 46000 | C41: 5699 | D41: 6400 | F41: 0 | G41: 15610 | I41: =(I$25*$C$101)/1000 -> 0 | J41: =SUM(B41:I41) -> 73709 | L41: Yenileme | M41: =B41/$B$31 -> 0.1625716 | N41: =C41/$C$31 -> 0.098753675 | O41: =D41/$D$31 -> 0.10677936 | P41: =E41/$E$31 -> 0 | Q41: =F41/$F$31 -> 0 | R41: =G41/$G$31 -> 0.21689114 | S41: =H41/$H$31 -> 0 | T41: =I41/$I$31 -> 0
A42: Semih Balaban | B42: =SUM(B43:B44) -> 42500 | C42: =SUM(C43:C44) -> 11527 | D42: =SUM(D43:D44) -> 5215 | E42: =SUM(E43:E44) -> 25610.18 | F42: =SUM(F43:F44) -> 1100 | G42: =SUM(G43:G44) -> 5226 | H42: =SUM(H43:H44) -> 0 | I42: =SUM(I43:I44) -> 3000 | J42: =SUM(J43:J44) -> 94178.18 | L42: Semih Balaban | M42: =SUM(M43:M44) -> 0.15020202 | N42: =SUM(N43:N44) -> 0.19974269 | O42: =SUM(O43:O44) -> 0.087008491 | P42: =SUM(P43:P44) -> 1 | Q42: =SUM(Q43:Q44) -> 0.11535235 | R42: =SUM(R43:R44) -> 0.072611986 | S42: =SUM(S43:S44) -> 0 | T42: =SUM(T43:T44) -> 0.18252616
A43: Yeni Satış | B43: 17500 | C43: 8000 | D43: 2000 | E43: =(E24)/1000 -> 25247.208 | F43: 1100 | G43: 1000 | I43: 3000 | J43: =SUM(B43:I43) -> 57847.208 | L43: Yeni Satış | M43: =B43/$B$31 -> 0.061847891 | N43: =C43/$C$31 -> 0.13862597 | O43: =D43/$D$31 -> 0.033368549 | P43: =E43/$E$31 -> 0.98582705 | Q43: =F43/$F$31 -> 0.11535235 | R43: =G43/$G$31 -> 0.013894372 | S43: =H43/$H$31 -> 0 | T43: =I43/$I$31 -> 0.18252616
A44: Yenileme | B44: 25000 | C44: 3527 | D44: 3215 | E44: =(E25)/1000 -> 362.97182 | F44: 0 | G44: 4226 | J44: =SUM(B44:I44) -> 36330.972 | L44: Yenileme | M44: =B44/$B$31 -> 0.08835413 | N44: =C44/$C$31 -> 0.061116724 | O44: =D44/$D$31 -> 0.053639942 | P44: =E44/$E$31 -> 0.014172951 | Q44: =F44/$F$31 -> 0 | R44: =G44/$G$31 -> 0.058717614 | S44: =H44/$H$31 -> 0 | T44: =I44/$I$31 -> 0
A45: Nigar Uygun - Özge Güler | B45: =SUM(B46:B47) -> 13750 | C45: =SUM(C46:C47) -> 4962 | D45: =SUM(D46:D47) -> 4860 | E45: =SUM(E46:E47) -> 0 | F45: =SUM(F46:F47) -> 500 | G45: =SUM(G46:G47) -> 1000 | H45: =SUM(H46:H47) -> 0 | I45: =SUM(I46:I47) -> 1500 | J45: =SUM(J46:J47) -> 26572 | L45: Nigar Uygun - Özge Güler | M45: =SUM(M46:M47) -> 0.048594772 | N45: =SUM(N46:N47) -> 0.085982757 | O45: =SUM(O46:O47) -> 0.081085573 | P45: =SUM(P46:P47) -> 0 | Q45: =SUM(Q46:Q47) -> 0.052432886 | R45: =SUM(R46:R47) -> 0.013894372 | S45: =SUM(S46:S47) -> 0 | T45: =SUM(T46:T47) -> 0.091263081
A46: Yeni Satış | B46: 5000 | C46: 3152 | D46: 3760 | F46: 500 | G46: 1000 | I46: 1500 | J46: =SUM(B46:I46) -> 14912 | L46: Yeni Satış | M46: =B46/$B$31 -> 0.017670826 | N46: =C46/$C$31 -> 0.054618632 | O46: =D46/$D$31 -> 0.062732871 | P46: =E46/$E$31 -> 0 | Q46: =F46/$F$31 -> 0.052432886 | R46: =G46/$G$31 -> 0.013894372 | S46: =H46/$H$31 -> 0 | T46: =I46/$I$31 -> 0.091263081
A47: Yenileme | B47: 8750 | C47: 1810 | D47: 1100 | F47: 0 | I47: =(I$25*$E$101)/1000 -> 0 | J47: =SUM(B47:I47) -> 11660 | L47: Yenileme | M47: =B47/$B$31 -> 0.030923946 | N47: =C47/$C$31 -> 0.031364126 | O47: =D47/$D$31 -> 0.018352702 | P47: =E47/$E$31 -> 0 | Q47: =F47/$F$31 -> 0 | R47: =G47/$G$31 -> 0 | S47: =H47/$H$31 -> 0 | T47: =I47/$I$31 -> 0
A48: Özge Güler | B48: =SUM(B49:B50) -> 18000 | C48: =SUM(C49:C50) -> 4399 | D48: =SUM(D49:D50) -> 5050.1285 | E48: =SUM(E49:E50) -> 0 | F48: =SUM(F49:F50) -> 750 | G48: =SUM(G49:G50) -> 7441 | H48: =SUM(H49:H50) -> 0 | I48: =SUM(I49:I50) -> 1436 | J48: =SUM(J49:J50) -> 37076.128 | L48: Özge Güler | M48: =SUM(M49:M50) -> 0.063614974 | N48: =SUM(N49:N50) -> 0.076226955 | O48: =SUM(O49:O50) -> 0.084257729 | P48: =SUM(P49:P50) -> 0 | Q48: =SUM(Q49:Q50) -> 0.078649329 | R48: =SUM(R49:R50) -> 0.10338802 | S48: =SUM(S49:S50) -> 0 | T48: =SUM(T49:T50) -> 0.08736919
A49: Yeni Satış | B49: 5000 | C49: 2000 | D49: 3145 | F49: 750 | G49: 1000 | I49: 1436 | J49: =SUM(B49:I49) -> 13331 | L49: Yeni Satış | M49: =B49/$B$31 -> 0.017670826 | N49: =C49/$C$31 -> 0.034656492 | O49: =D49/$D$31 -> 0.052472043 | P49: =E49/$E$31 -> 0 | Q49: =F49/$F$31 -> 0.078649329 | R49: =G49/$G$31 -> 0.013894372 | S49: =H49/$H$31 -> 0 | T49: =I49/$I$31 -> 0.08736919
A50: Yenileme | B50: 13000 | C50: 2399 | D50: =(D$25*$F$101)/1000 -> 1905.1285 | F50: 0 | G50: 6441 | I50: =(I$25*$F$101)/1000 -> 0 | J50: =SUM(B50:I50) -> 23745.128 | L50: Yenileme | M50: =B50/$B$31 -> 0.045944148 | N50: =C50/$C$31 -> 0.041570463 | O50: =D50/$D$31 -> 0.031785686 | P50: =E50/$E$31 -> 0 | Q50: =F50/$F$31 -> 0 | R50: =G50/$G$31 -> 0.089493647 | S50: =H50/$H$31 -> 0 | T50: =I50/$I$31 -> 0
A51: Melike Akgünlü | B51: =SUM(B52:B53) -> 16167 | C51: =SUM(C52:C53) -> 7804 | D51: =SUM(D52:D53) -> 8265.2101 | E51: =SUM(E52:E53) -> 0 | F51: =SUM(F52:F53) -> 1250 | G51: =SUM(G52:G53) -> 3581 | H51: =SUM(H52:H53) -> 0 | I51: =SUM(I52:I53) -> 2000 | J51: =SUM(J52:J53) -> 39067.21 | L51: Melike Akgünlü | M51: =SUM(M52:M53) -> 0.057136849 | N51: =SUM(N52:N53) -> 0.13522963 | O51: =SUM(O52:O53) -> 0.13789903 | P51: =SUM(P52:P53) -> 0 | Q51: =SUM(Q52:Q53) -> 0.13108221 | R51: =SUM(R52:R53) -> 0.049755745 | S51: =SUM(S52:S53) -> 0 | T51: =SUM(T52:T53) -> 0.12168411
A52: Yeni Satış | B52: 7580 | C52: 7000 | D52: 7222 | F52: 1250 | G52: 1597 | I52: 2000 | J52: =SUM(B52:I52) -> 26649 | L52: Yeni Satış | M52: =B52/$B$31 -> 0.026788972 | N52: =C52/$C$31 -> 0.12129772 | O52: =D52/$D$31 -> 0.12049383 | P52: =E52/$E$31 -> 0 | Q52: =F52/$F$31 -> 0.13108221 | R52: =G52/$G$31 -> 0.022189311 | S52: =H52/$H$31 -> 0 | T52: =I52/$I$31 -> 0.12168411
A53: Yenileme | B53: 8587 | C53: 804 | D53: =(D$25*$G$101)/1000 -> 1043.2101 | F53: 0 | G53: 1984 | H53: =(K$25*$G$101)/1000 -> 0 | I53: =(I$25*$G$101)/1000 -> 0 | J53: =SUM(B53:I53) -> 12418.21 | L53: Yenileme | M53: =B53/$B$31 -> 0.030347877 | N53: =C53/$C$31 -> 0.01393191 | O53: =D53/$D$31 -> 0.017405203 | P53: =E53/$E$31 -> 0 | Q53: =F53/$F$31 -> 0 | R53: =G53/$G$31 -> 0.027566433 | S53: =H53/$H$31 -> 0 | T53: =I53/$I$31 -> 0
A54: Dilara Bogu | B54: =SUM(B55:B56) -> 0 | C54: =SUM(C55:C56) -> 0 | D54: =SUM(D55:D56) -> 0 | E54: =SUM(E55:E56) -> 0 | F54: =SUM(F55:F56) -> 3826 | G54: =SUM(G55:G56) -> 0 | H54: =SUM(H55:H56) -> 0 | I54: =SUM(I55:I56) -> 0 | J54: =SUM(J55:J56) -> 0 | L54: Dilara Bogu | M54: =SUM(M55:M56) -> 0 | N54: =SUM(N55:N56) -> 0 | O54: =SUM(O55:O56) -> 0 | P54: =SUM(P55:P56) -> 0 | Q54: =SUM(Q55:Q56) -> 0.40121644 | R54: =SUM(R55:R56) -> 0 | S54: =SUM(S55:S56) -> 0 | T54: =SUM(T55:T56) -> 0
A55: Yeni Satış | L55: Yeni Satış | M55: =B55/$B$31 -> 0 | N55: =C55/$C$31 -> 0 | O55: =D55/$D$31 -> 0 | P55: =E55/$E$31 -> 0 | Q55: =F55/$F$31 -> 0 | R55: =G55/$G$31 -> 0 | S55: =H55/$H$31 -> 0 | T55: =I55/$I$31 -> 0
A56: Yenileme | F56: 3826 | L56: Yenileme | M56: =B56/$B$31 -> 0 | N56: =C56/$C$31 -> 0 | O56: =D56/$D$31 -> 0 | P56: =E56/$E$31 -> 0 | Q56: =F56/$F$31 -> 0.40121644 | R56: =G56/$G$31 -> 0 | S56: =H56/$H$31 -> 0 | T56: =I56/$I$31 -> 0
A58: Net Satış M TL | B58: Enroute | C58: Stokbar | D58: Quest | E58: ServiceCore | F58: Varuna | G58: Hosting | H58: E-Dönüşüm | I58: BFG | J58: Grand Total | L58: Net Satış M TL | M58: Enroute | N58: Stokbar | O58: Quest | P58: ServiceCore | Q58: Varuna | R58: Hosting | S58: E-Dönüşüm | T58: BFG
A59: Kanal + Unidox Satış | B59: =+B60+B63+B66 -> 18035.251 | C59: =+C60+C63+C66 -> 4318.2448 | D59: =+D60+D63+D66 -> 346.3408 | E59: =+E60+E63+E66 -> 0 | F59: =+F60+F63+F66 -> 0 | G59: =+G60+G63+G66 -> 2645.589 | H59: =+H60+H63+H66 -> 75979.392 | I59: =+I60+I63+I66 -> 500 | J59: =+J60+J63+J66 -> 101824.82 | L59: Kanal + Unidox Satış | M59: =B59/B31 -> 0.063739556 | N59: =C59/C31 -> 0.074827609 | O59: =D59/D31 -> 0.0057784449 | P59: =E59/E31 -> 0 | Q59: =F59/F31 -> 0 | R59: =G59/G31 -> 0.036758797 | S59: =H59/H31 -> 1 | T59: =+T60+T63+T66 -> 0.030421027
A60: Derya kömleksiz | B60: =SUM(B61:B62) -> 9017.6254 | C60: =SUM(C61:C62) -> 2106.0816 | D60: =SUM(D61:D62) -> 173.1704 | E60: =SUM(E61:E62) -> 0 | F60: =SUM(F61:F62) -> 0 | G60: =SUM(G61:G62) -> 1015.589 | H60: =SUM(H61:H62) -> 13000 | I60: =SUM(I61:I62) -> 250 | J60: =SUM(J61:J62) -> 25562.466 | L60: Derya kömleksiz | M60: =SUM(M61:M62) -> 0.031869778 | N60: =SUM(N61:N62) -> 0.0364947 | O60: =SUM(O61:O62) -> 0.0028892225 | P60: =SUM(P61:P62) -> 0 | Q60: =SUM(Q61:Q62) -> 0 | R60: =SUM(R61:R62) -> 0.014110971 | S60: =SUM(S61:S62) -> 0.17109903 | T60: =SUM(T61:T62) -> 0.015210514
A61: Yeni Satış | B61: 2500 | C61: 1000 | G61: 500 | H61: 11000 | I61: 250 | J61: =SUM(B61:I61) -> 15250 | L61: Yeni Satış | M61: =B61/$B$31 -> 0.008835413 | N61: =C61/$C$31 -> 0.017328246 | O61: =D61/$D$31 -> 0 | P61: =E61/$E$31 -> 0 | Q61: =F61/$F$31 -> 0 | R61: =G61/$G$31 -> 0.0069471858 | S61: =H61/$H$31 -> 0.1447761 | T61: =I61/$I$31 -> 0.015210514
A62: Yenileme | B62: =(((9523352+503764)*1.3)/2)/1000 -> 6517.6254 | C62: =(((1494119+207545)*1.3)/2)/1000 -> 1106.0816 | D62: =((266416*1.3)/2)/1000 -> 173.1704 | G62: 515.589 | H62: 2000 | J62: =SUM(B62:I62) -> 10312.466 | L62: Yenileme | M62: =B62/$B$31 -> 0.023034365 | N62: =C62/$C$31 -> 0.019166454 | O62: =D62/$D$31 -> 0.0028892225 | P62: =E62/$E$31 -> 0 | Q62: =F62/$F$31 -> 0 | R62: =G62/$G$31 -> 0.0071637851 | S62: =H62/$H$31 -> 0.026322927 | T62: =I62/$I$31 -> 0
A63: Gülçin Erçebi | B63: =SUM(B64:B65) -> 9017.6254 | C63: =SUM(C64:C65) -> 2212.1632 | D63: =SUM(D64:D65) -> 173.1704 | E63: =SUM(E64:E65) -> 0 | F63: =SUM(F64:F65) -> 0 | G63: =SUM(G64:G65) -> 1630 | H63: =SUM(H64:H65) -> 13000 | I63: =SUM(I64:I65) -> 250 | J63: =SUM(J64:J65) -> 26282.959 | L63: Gülçin Erçebi | M63: =SUM(M64:M65) -> 0.031869778 | N63: =SUM(N64:N65) -> 0.038332908 | O63: =SUM(O64:O65) -> 0.0028892225 | P63: =SUM(P64:P65) -> 0 | Q63: =SUM(Q64:Q65) -> 0 | R63: =SUM(R64:R65) -> 0.022647826 | S63: =SUM(S64:S65) -> 0.17109903 | T63: =SUM(T64:T65) -> 0.015210514
A64: Yeni Satış | B64: 2500 | C64: =(((1494119+207545)*1.3)/2)/1000 -> 1106.0816 | G64: 500 | H64: 11000 | I64: 250 | J64: =SUM(B64:I64) -> 15356.082 | L64: Yeni Satış | M64: =B64/$B$31 -> 0.008835413 | N64: =C64/$C$31 -> 0.019166454 | O64: =D64/$D$31 -> 0 | P64: =E64/$E$31 -> 0 | Q64: =F64/$F$31 -> 0 | R64: =G64/$G$31 -> 0.0069471858 | S64: =H64/$H$31 -> 0.1447761 | T64: =I64/$I$31 -> 0.015210514
A65: Yenileme | B65: =(((9523352+503764)*1.3)/2)/1000 -> 6517.6254 | C65: =(((1494119+207545)*1.3)/2)/1000 -> 1106.0816 | D65: =((266416*1.3)/2)/1000 -> 173.1704 | G65: 1130 | H65: 2000 | J65: =SUM(B65:I65) -> 10926.877 | L65: Yenileme | M65: =B65/$B$31 -> 0.023034365 | N65: =C65/$C$31 -> 0.019166454 | O65: =D65/$D$31 -> 0.0028892225 | P65: =E65/$E$31 -> 0 | Q65: =F65/$F$31 -> 0 | R65: =G65/$G$31 -> 0.01570064 | S65: =H65/$H$31 -> 0.026322927 | T65: =I65/$I$31 -> 0
A66: Özlem Gülbahar | B66: =SUM(B67:B68) -> 0 | C66: =SUM(C67:C68) -> 0 | D66: =SUM(D67:D68) -> 0 | E66: =SUM(E67:E68) -> 0 | F66: =SUM(F67:F68) -> 0 | G66: =SUM(G67:G68) -> 0 | H66: =SUM(H67:H68) -> 49979.392 | I66: =SUM(I67:I68) -> 0 | J66: =SUM(J67:J68) -> 49979.392 | L66: Özlem Gülbahar | M66: =SUM(M67:M68) -> 0 | N66: =SUM(N67:N68) -> 0 | O66: =SUM(O67:O68) -> 0 | P66: =SUM(P67:P68) -> 0 | Q66: =SUM(Q67:Q68) -> 0 | R66: =SUM(R67:R68) -> 0 | S66: =SUM(S67:S68) -> 0.65780195 | T66: =SUM(T67:T68) -> 0
A67: Yeni Satış | H67: 18000 | J67: =SUM(B67:I67) -> 18000 | L67: Yeni Satış | M67: =B67/$B$31 -> 0 | N67: =C67/$C$31 -> 0 | O67: =D67/$D$31 -> 0 | P67: =E67/$E$31 -> 0 | Q67: =F67/$F$31 -> 0 | R67: =G67/$G$31 -> 0 | S67: =H67/$H$31 -> 0.23690634 | T67: =I67/$I$31 -> 0
A68: Yenileme | H68: =(32000000-20608)/1000 -> 31979.392 | J68: =SUM(B68:I68) -> 31979.392 | L68: Yenileme | M68: =B68/$B$31 -> 0 | N68: =C68/$C$31 -> 0 | O68: =D68/$D$31 -> 0 | P68: =E68/$E$31 -> 0 | Q68: =F68/$F$31 -> 0 | R68: =G68/$G$31 -> 0 | S68: =H68/$H$31 -> 0.4208956 | T68: =I68/$I$31 -> 0
A71: 2025 Kanal Satış Gerçekleşmeleri
A72: Row Labels | B72: Enroute | C72: Stokbar | D72: Hosting | E72: Quest | F72: Unidox | G72: Toplam
A73: Dilek Saygılı | B73: 9523352.2 | C73: 1494119 | D73: 811089.98 | E73: 266415.85 | F73: 2060183.4 | G73: =SUM(B73:F73) -> 14155160
A74: Gülçin Erçebi | B74: 503764 | C74: 207545 | F74: 110228.5 | G74: =SUM(B74:F74) -> 821537.5
A75: Toplam | B75: =SUM(B73:B74) -> 10027116 | C75: =SUM(C73:C74) -> 1701664 | D75: =SUM(D73:D74) -> 811089.98 | E75: =SUM(E73:E74) -> 266415.85 | F75: =SUM(F73:F74) -> 2170411.9 | G75: =SUM(G73:G74) -> 14976698
A77: Toplam Hedef Notları
A78: *Hosting yenilemelerine 2026 SY dağılımdaki şirketlere göre girilimiştir. Yeni satışlar mevcut şeklinde bırakılmıştır
A79: *Artış varsayımı yenilemede %30, Yeni satışta %56 büyümedir
A80: *Calldesk - Service Core Otomotiv sektörü ürünü olduğu için sadece Semih Balaban hedef verilmiştir - ok
A81: *BFG arttırılacak ve yayılacak - ok
A82: *Edönüşüm hedefleri girecek - ok | J82: Sum of Net Satış | K82: Column Labels
A83: *Kanal hedefleri ayrıca hesaplanarak ayrıştırılacak -ok | K83: 2025 | N83: 2025 Total
J84: Row Labels | K84: Lisans | L84: Kontor Satışı | M84: E-Defter
J85: Mülkiye Akdoğaner Arıcı | K85: 12842828 | N85: 86075878
J86: Begüm Hayta | K86: 15740483 | N86: 70065191
J87: Duygu Topal | K87: 9876114.9 | N87: 64295411
B88: Yeni Dağılıma Göre YS Payı % | C88: Yeni Dağılıma Göre Yenileme Payı % | D88: Yeni Dağılıma Göre YS Tahmini | E88: Yeni Dağılıma Göre Yenileme Tahmini | F88: Toplam | J88: Semih Balaban | K88: 4348138.6 | N88: 40638236 | P88: 2025
A89: Mülkiye Akdoğaner | B89: 0.39425701 | C89: 0.37992754 | D89: 1.1530955e+08 | E89: 1.0552368e+08 | F89: 2.2083323e+08 | J89: Nigar Uygun | K89: 3635415.1 | N89: 26506096 | Q89: Yazılım | R89: Unidox | S89: Toplam
A90: Begüm Hayta | B90: 0.32003247 | C90: 0.28566021 | D90: 93600874 | E90: 79341226 | F90: 1.729421e+08 | J90: Murat Altındişli | K90: 3974091.5 | L90: 14267008 | M90: 48000 | N90: 18881100 | P90: Kanal+Unidox | Q90: =SUM(K90:M91,K95:L95,L96) -> 25620610
A91: Semih Balaban | B91: 0.18419939 | C91: 0.15362091 | D91: 53873360 | E91: 42667726 | F91: 96541085 | J91: Dilek Saygılı | K91: 4784830.3 | L91: 2060183.4 | N91: 14155160
A92: Nigar Uygun | B92: 0.048075188 | C92: 0.049231835 | D92: 14060697 | E92: 13673987 | F92: 27734684 | J92: Soner Ayvazoğlu | K92: 2471076 | N92: 9551974.3
A93: Özlem Özge Güler | B93: 0.03058044 | C93: 0.085009825 | D93: 8943954.9 | E93: 23611212 | F93: 32555167 | J93: Derya Kömleksiz | K93: 2588 | L93: 4217588.6 | N93: 4220176.6
A94: Yeni Müşteri Yöneticisi | B94: 0.022855501 | C94: 0.046549673 | D94: 6684618.2 | E94: 12929025 | F94: 19613644 | J94: Dilara Boğu | N94: 1372125
A95: Özlem Gülbahar | F95: 0 | J95: Gülçin Erçebi | K95: 374310 | L95: 110228.5 | N95: 821537.5
A96: Kanal | F96: 0 | J96: Nimet Özlem Gülbahar | L96: 1958 | N96: 1958
B97: 0.96678467 | C97: 0.91796879 | D97: 3.0252141e+08 | E97: 3.0256677e+08 | F97: 6.0508818e+08 | J97: Grand Total | K97: 58049876 | L97: 20656967 | M97: 48000 | N97: 3.3658484e+08
B99: Mülkiye Akdoğaner | C99: Begüm Hayta | D99: Semih Balaban | E99: Nigar Uygun | F99: Özlem Özge Güler | G99: Eren Oral | H99: Özlem Gülbahar | I99: Kanal
A100: Yeni Dağılıma Göre YS Payı % | B100: 0.32 | C100: 0.25 | D100: 0.15 | E100: 0.048075188 | F100: 0.03058044 | G100: 0.022855501 | J100: 0.96678467
A101: Yeni Dağılıma Göre Yenileme Payı % | B101: 0.37992754 | C101: 0.28566021 | D101: 0.15362091 | E101: 0.049231835 | F101: 0.085009825 | G101: 0.046549673 | J101: 0.91796879
A102: Yeni Dağılıma Göre YS Tahmini | B102: 1.1530955e+08 | C102: 93600874 | D102: 53873360 | E102: 14060697 | F102: 8943954.9 | G102: 6684618.2 | J102: 3.0252141e+08
A103: Yeni Dağılıma Göre Yenileme Tahmini | B103: 1.0552368e+08 | C103: 79341226 | D103: 42667726 | E103: 13673987 | F103: 23611212 | G103: 12929025 | J103: 3.0256677e+08
A104: Toplam | B104: 2.2083323e+08 | C104: 1.729421e+08 | D104: 96541085 | E104: 27734684 | F104: 32555167 | G104: 19613644 | H104: 0 | I104: 0 | J104: 6.0508818e+08
A108: Yıl | B108: 2025
A110: Sum of Net Satış | B110: Column Labels
A111: Row Labels | B111: Yeni Satış | C111: Yenileme | D111: Grand Total
A112: Barbaros Özdemir | B112: 1800141 | C112: 9352629.5 | D112: 11152770
A113: Mülkiye Akdoğaner Arıcı | B113: 29147203 | C113: 56928675 | D113: 86075878
A114: Begüm Hayta | B114: 34555058 | C114: 35510133 | D114: 70065191
...

Sheet Satış YS-Yen.Hed (Ayık) - 600
A1: 2026 Satış Hedefleri - 600 Milyon TL Senaryosu | Aylık Ürün Bazında Hedef Tabloları (.000 TRY) | Q1: 2026 Satış Hedefleri - 600M TL Senaryosu | Çeyrek Ürün Bazında Hedefler (.000 TRY)
A2: Aylık Ciro Payı (%) | C2: 0.07125 | D2: 0.07125 | E2: 0.08125 | F2: 0.079375 | G2: 0.079375 | H2: 0.09 | I2: 0.075 | J2: 0.075625 | K2: 0.08 | L2: 0.09375 | M2: 0.095 | N2: 0.108125 | O2: 1 | Q2: Çeyreklik Ciro Payı (%) | S2: =SUM(C2:E2) -> 0.22375 | T2: =SUM(F2:H2) -> 0.24875 | U2: =SUM(I2:K2) -> 0.230625 | V2: =SUM(L2:N2) -> 0.296875 | W2: =SUM(S2:V2) -> 1
A4: Mülkiye Akdoğaner — Direkt Satış | C4: Oca | D4: Şub | E4: Mar | F4: Nis | G4: May | H4: Haz | I4: Tem | J4: Ağu | K4: Eyl | L4: Eki | M4: Kas | N4: Ara | O4: Yıllık Toplam | Q4: =A4 -> Mülkiye Akdoğaner — Direkt Satış | S4: Q1 | T4: Q2 | U4: Q3 | V4: Q4 | W4: Yıllık Toplam
A5: Enroute | B5: Yeni Satış | C5: ='SatışEkibi YS-Yen. Hed - 600'!$B$31*'SatışEkibi YS-Yen. Hed - 600'!$M37*'Satış YS-Yen.Hed (Ayık) - 600'!C$2 -> 2493.75 | D5: ='SatışEkibi YS-Yen. Hed - 600'!$B$31*'SatışEkibi YS-Yen. Hed - 600'!$M37*'Satış YS-Yen.Hed (Ayık) - 600'!D$2 -> 2493.75 | E5: ='SatışEkibi YS-Yen. Hed - 600'!$B$31*'SatışEkibi YS-Yen. Hed - 600'!$M37*'Satış YS-Yen.Hed (Ayık) - 600'!E$2 -> 2843.75 | F5: ='SatışEkibi YS-Yen. Hed - 600'!$B$31*'SatışEkibi YS-Yen. Hed - 600'!$M37*'Satış YS-Yen.Hed (Ayık) - 600'!F$2 -> 2778.125 | G5: ='SatışEkibi YS-Yen. Hed - 600'!$B$31*'SatışEkibi YS-Yen. Hed - 600'!$M37*'Satış YS-Yen.Hed (Ayık) - 600'!G$2 -> 2778.125 | H5: ='SatışEkibi YS-Yen. Hed - 600'!$B$31*'SatışEkibi YS-Yen. Hed - 600'!$M37*'Satış YS-Yen.Hed (Ayık) - 600'!H$2 -> 3150 | I5: ='SatışEkibi YS-Yen. Hed - 600'!$B$31*'SatışEkibi YS-Yen. Hed - 600'!$M37*'Satış YS-Yen.Hed (Ayık) - 600'!I$2 -> 2625 | J5: ='SatışEkibi YS-Yen. Hed - 600'!$B$31*'SatışEkibi YS-Yen. Hed - 600'!$M37*'Satış YS-Yen.Hed (Ayık) - 600'!J$2 -> 2646.875 | ... N5: ='SatışEkibi YS-Yen. Hed - 600'!$B$31*'SatışEkibi YS-Yen. Hed - 600'!$M37*'Satış YS-Yen.Hed (Ayık) - 600'!N$2 -> 3784.375 | O5: =SUM(C5:N5) -> 35000 | Q5: =A5 -> Enroute | R5: =B5 -> Yeni Satış | S5: =SUM(C5:E5) -> 7831.25 | T5: =SUM(F5:H5) -> 8706.25 | U5: =SUM(I5:K5) -> 8071.875 | V5: =SUM(L5:N5) -> 10390.625 | W5: =SUM(S5:V5) -> 35000
A6: Enroute | B6: Yenileme | C6: ='SatışEkibi YS-Yen. Hed - 600'!$B$31*'SatışEkibi YS-Yen. Hed - 600'!$M38*'Satış YS-Yen.Hed (Ayık) - 600'!C$2 -> 4524.375 | D6: ='SatışEkibi YS-Yen. Hed - 600'!$B$31*'SatışEkibi YS-Yen. Hed - 600'!$M38*'Satış YS-Yen.Hed (Ayık) - 600'!D$2 -> 4524.375 | E6: ='SatışEkibi YS-Yen. Hed - 600'!$B$31*'SatışEkibi YS-Yen. Hed - 600'!$M38*'Satış YS-Yen.Hed (Ayık) - 600'!E$2 -> 5159.375 | F6: ='SatışEkibi YS-Yen. Hed - 600'!$B$31*'SatışEkibi YS-Yen. Hed - 600'!$M38*'Satış YS-Yen.Hed (Ayık) - 600'!F$2 -> 5040.3125 | G6: ='SatışEkibi YS-Yen. Hed - 600'!$B$31*'SatışEkibi YS-Yen. Hed - 600'!$M38*'Satış YS-Yen.Hed (Ayık) - 600'!G$2 -> 5040.3125 | H6: ='SatışEkibi YS-Yen. Hed - 600'!$B$31*'SatışEkibi YS-Yen. Hed - 600'!$M38*'Satış YS-Yen.Hed (Ayık) - 600'!H$2 -> 5715 | I6: ='SatışEkibi YS-Yen. Hed - 600'!$B$31*'SatışEkibi YS-Yen. Hed - 600'!$M38*'Satış YS-Yen.Hed (Ayık) - 600'!I$2 -> 4762.5 | J6: ='SatışEkibi YS-Yen. Hed - 600'!$B$31*'SatışEkibi YS-Yen. Hed - 600'!$M38*'Satış YS-Yen.Hed (Ayık) - 600'!J$2 -> 4802.1875 | ... N6: ='SatışEkibi YS-Yen. Hed - 600'!$B$31*'SatışEkibi YS-Yen. Hed - 600'!$M38*'Satış YS-Yen.Hed (Ayık) - 600'!N$2 -> 6865.9375 | O6: =SUM(C6:N6) -> 63500 | Q6: =A6 -> Enroute | R6: =B6 -> Yenileme | S6: =SUM(C6:E6) -> 14208.125 | T6: =SUM(F6:H6) -> 15795.625 | U6: =SUM(I6:K6) -> 14644.688 | V6: =SUM(L6:N6) -> 18851.562 | W6: =SUM(S6:V6) -> 63500
A7: Stokbar | B7: Yeni Satış | C7: ='SatışEkibi YS-Yen. Hed - 600'!$C$31*'SatışEkibi YS-Yen. Hed - 600'!$N37*'Satış YS-Yen.Hed (Ayık) - 600'!C$2 -> 712.5 | D7: ='SatışEkibi YS-Yen. Hed - 600'!$C$31*'SatışEkibi YS-Yen. Hed - 600'!$N37*'Satış YS-Yen.Hed (Ayık) - 600'!D$2 -> 712.5 | E7: ='SatışEkibi YS-Yen. Hed - 600'!$C$31*'SatışEkibi YS-Yen. Hed - 600'!$N37*'Satış YS-Yen.Hed (Ayık) - 600'!E$2 -> 812.5 | F7: ='SatışEkibi YS-Yen. Hed - 600'!$C$31*'SatışEkibi YS-Yen. Hed - 600'!$N37*'Satış YS-Yen.Hed (Ayık) - 600'!F$2 -> 793.75 | G7: ='SatışEkibi YS-Yen. Hed - 600'!$C$31*'SatışEkibi YS-Yen. Hed - 600'!$N37*'Satış YS-Yen.Hed (Ayık) - 600'!G$2 -> 793.75 | H7: ='SatışEkibi YS-Yen. Hed - 600'!$C$31*'SatışEkibi YS-Yen. Hed - 600'!$N37*'Satış YS-Yen.Hed (Ayık) - 600'!H$2 -> 900 | I7: ='SatışEkibi YS-Yen. Hed - 600'!$C$31*'SatışEkibi YS-Yen. Hed - 600'!$N37*'Satış YS-Yen.Hed (Ayık) - 600'!I$2 -> 750 | J7: ='SatışEkibi YS-Yen. Hed - 600'!$C$31*'SatışEkibi YS-Yen. Hed - 600'!$N37*'Satış YS-Yen.Hed (Ayık) - 600'!J$2 -> 756.25 | ... N7: ='SatışEkibi YS-Yen. Hed - 600'!$C$31*'SatışEkibi YS-Yen. Hed - 600'!$N37*'Satış YS-Yen.Hed (Ayık) - 600'!N$2 -> 1081.25 | O7: =SUM(C7:N7) -> 10000 | Q7: =A7 -> Stokbar | R7: =B7 -> Yeni Satış | S7: =SUM(C7:E7) -> 2237.5 | T7: =SUM(F7:H7) -> 2487.5 | U7: =SUM(I7:K7) -> 2306.25 | V7: =SUM(L7:N7) -> 2968.75 | W7: =SUM(S7:V7) -> 10000
A8: Quest | B8: Yeni Satış | C8: ='SatışEkibi YS-Yen. Hed - 600'!$D$31*'SatışEkibi YS-Yen. Hed - 600'!$O37*'Satış YS-Yen.Hed (Ayık) - 600'!C$2 -> 855 | D8: ='SatışEkibi YS-Yen. Hed - 600'!$D$31*'SatışEkibi YS-Yen. Hed - 600'!$O37*'Satış YS-Yen.Hed (Ayık) - 600'!D$2 -> 855 | E8: ='SatışEkibi YS-Yen. Hed - 600'!$D$31*'SatışEkibi YS-Yen. Hed - 600'!$O37*'Satış YS-Yen.Hed (Ayık) - 600'!E$2 -> 975 | F8: ='SatışEkibi YS-Yen. Hed - 600'!$D$31*'SatışEkibi YS-Yen. Hed - 600'!$O37*'Satış YS-Yen.Hed (Ayık) - 600'!F$2 -> 952.5 | G8: ='SatışEkibi YS-Yen. Hed - 600'!$D$31*'SatışEkibi YS-Yen. Hed - 600'!$O37*'Satış YS-Yen.Hed (Ayık) - 600'!G$2 -> 952.5 | H8: ='SatışEkibi YS-Yen. Hed - 600'!$D$31*'SatışEkibi YS-Yen. Hed - 600'!$O37*'Satış YS-Yen.Hed (Ayık) - 600'!H$2 -> 1080 | I8: ='SatışEkibi YS-Yen. Hed - 600'!$D$31*'SatışEkibi YS-Yen. Hed - 600'!$O37*'Satış YS-Yen.Hed (Ayık) - 600'!I$2 -> 900 | J8: ='SatışEkibi YS-Yen. Hed - 600'!$D$31*'SatışEkibi YS-Yen. Hed - 600'!$O37*'Satış YS-Yen.Hed (Ayık) - 600'!J$2 -> 907.5 | ... N8: ='SatışEkibi YS-Yen. Hed - 600'!$D$31*'SatışEkibi YS-Yen. Hed - 600'!$O37*'Satış YS-Yen.Hed (Ayık) - 600'!N$2 -> 1297.5 | O8: =SUM(C8:N8) -> 12000 | Q8: =A8 -> Quest | R8: =B8 -> Yeni Satış | S8: =SUM(C8:E8) -> 2685 | T8: =SUM(F8:H8) -> 2985 | U8: =SUM(I8:K8) -> 2767.5 | V8: =SUM(L8:N8) -> 3562.5 | W8: =SUM(S8:V8) -> 12000
A9: Quest | B9: Yenileme | C9: ='SatışEkibi YS-Yen. Hed - 600'!$D$31*'SatışEkibi YS-Yen. Hed - 600'!$O38*'Satış YS-Yen.Hed (Ayık) - 600'!C$2 -> 598.5 | D9: ='SatışEkibi YS-Yen. Hed - 600'!$D$31*'SatışEkibi YS-Yen. Hed - 600'!$O38*'Satış YS-Yen.Hed (Ayık) - 600'!D$2 -> 598.5 | E9: ='SatışEkibi YS-Yen. Hed - 600'!$D$31*'SatışEkibi YS-Yen. Hed - 600'!$O38*'Satış YS-Yen.Hed (Ayık) - 600'!E$2 -> 682.5 | F9: ='SatışEkibi YS-Yen. Hed - 600'!$D$31*'SatışEkibi YS-Yen. Hed - 600'!$O38*'Satış YS-Yen.Hed (Ayık) - 600'!F$2 -> 666.75 | G9: ='SatışEkibi YS-Yen. Hed - 600'!$D$31*'SatışEkibi YS-Yen. Hed - 600'!$O38*'Satış YS-Yen.Hed (Ayık) - 600'!G$2 -> 666.75 | H9: ='SatışEkibi YS-Yen. Hed - 600'!$D$31*'SatışEkibi YS-Yen. Hed - 600'!$O38*'Satış YS-Yen.Hed (Ayık) - 600'!H$2 -> 756 | I9: ='SatışEkibi YS-Yen. Hed - 600'!$D$31*'SatışEkibi YS-Yen. Hed - 600'!$O38*'Satış YS-Yen.Hed (Ayık) - 600'!I$2 -> 630 | J9: ='SatışEkibi YS-Yen. Hed - 600'!$D$31*'SatışEkibi YS-Yen. Hed - 600'!$O38*'Satış YS-Yen.Hed (Ayık) - 600'!J$2 -> 635.25 | ... N9: ='SatışEkibi YS-Yen. Hed - 600'!$D$31*'SatışEkibi YS-Yen. Hed - 600'!$O38*'Satış YS-Yen.Hed (Ayık) - 600'!N$2 -> 908.25 | O9: =SUM(C9:N9) -> 8400 | Q9: =A9 -> Quest | R9: =B9 -> Yenileme | S9: =SUM(C9:E9) -> 1879.5 | T9: =SUM(F9:H9) -> 2089.5 | U9: =SUM(I9:K9) -> 1937.25 | V9: =SUM(L9:N9) -> 2493.75 | W9: =SUM(S9:V9) -> 8400
A10: Varuna | B10: Yeni Satış | C10: ='SatışEkibi YS-Yen. Hed - 600'!$F$31*'SatışEkibi YS-Yen. Hed - 600'!$Q37*'Satış YS-Yen.Hed (Ayık) - 600'!C$2 -> 71.9625 | D10: ='SatışEkibi YS-Yen. Hed - 600'!$F$31*'SatışEkibi YS-Yen. Hed - 600'!$Q37*'Satış YS-Yen.Hed (Ayık) - 600'!D$2 -> 71.9625 | E10: ='SatışEkibi YS-Yen. Hed - 600'!$F$31*'SatışEkibi YS-Yen. Hed - 600'!$Q37*'Satış YS-Yen.Hed (Ayık) - 600'!E$2 -> 82.0625 | F10: ='SatışEkibi YS-Yen. Hed - 600'!$F$31*'SatışEkibi YS-Yen. Hed - 600'!$Q37*'Satış YS-Yen.Hed (Ayık) - 600'!F$2 -> 80.16875 | G10: ='SatışEkibi YS-Yen. Hed - 600'!$F$31*'SatışEkibi YS-Yen. Hed - 600'!$Q37*'Satış YS-Yen.Hed (Ayık) - 600'!G$2 -> 80.16875 | H10: ='SatışEkibi YS-Yen. Hed - 600'!$F$31*'SatışEkibi YS-Yen. Hed - 600'!$Q37*'Satış YS-Yen.Hed (Ayık) - 600'!H$2 -> 90.9 | I10: ='SatışEkibi YS-Yen. Hed - 600'!$F$31*'SatışEkibi YS-Yen. Hed - 600'!$Q37*'Satış YS-Yen.Hed (Ayık) - 600'!I$2 -> 75.75 | J10: ='SatışEkibi YS-Yen. Hed - 600'!$F$31*'SatışEkibi YS-Yen. Hed - 600'!$Q37*'Satış YS-Yen.Hed (Ayık) - 600'!J$2 -> 76.38125 | ... N10: ='SatışEkibi YS-Yen. Hed - 600'!$F$31*'SatışEkibi YS-Yen. Hed - 600'!$Q37*'Satış YS-Yen.Hed (Ayık) - 600'!N$2 -> 109.20625 | O10: =SUM(C10:N10) -> 1010 | Q10: =A10 -> Varuna | R10: =B10 -> Yeni Satış | S10: =SUM(C10:E10) -> 225.9875 | T10: =SUM(F10:H10) -> 251.2375 | U10: =SUM(I10:K10) -> 232.93125 | V10: =SUM(L10:N10) -> 299.84375 | W10: =SUM(S10:V10) -> 1010
A11: Hosting | B11: Yeni Satış | C11: ='SatışEkibi YS-Yen. Hed - 600'!$G$31*'SatışEkibi YS-Yen. Hed - 600'!$R37*'Satış YS-Yen.Hed (Ayık) - 600'!C$2 -> 71.25 | D11: ='SatışEkibi YS-Yen. Hed - 600'!$G$31*'SatışEkibi YS-Yen. Hed - 600'!$R37*'Satış YS-Yen.Hed (Ayık) - 600'!D$2 -> 71.25 | E11: ='SatışEkibi YS-Yen. Hed - 600'!$G$31*'SatışEkibi YS-Yen. Hed - 600'!$R37*'Satış YS-Yen.Hed (Ayık) - 600'!E$2 -> 81.25 | F11: ='SatışEkibi YS-Yen. Hed - 600'!$G$31*'SatışEkibi YS-Yen. Hed - 600'!$R37*'Satış YS-Yen.Hed (Ayık) - 600'!F$2 -> 79.375 | G11: ='SatışEkibi YS-Yen. Hed - 600'!$G$31*'SatışEkibi YS-Yen. Hed - 600'!$R37*'Satış YS-Yen.Hed (Ayık) - 600'!G$2 -> 79.375 | H11: ='SatışEkibi YS-Yen. Hed - 600'!$G$31*'SatışEkibi YS-Yen. Hed - 600'!$R37*'Satış YS-Yen.Hed (Ayık) - 600'!H$2 -> 90 | I11: ='SatışEkibi YS-Yen. Hed - 600'!$G$31*'SatışEkibi YS-Yen. Hed - 600'!$R37*'Satış YS-Yen.Hed (Ayık) - 600'!I$2 -> 75 | J11: ='SatışEkibi YS-Yen. Hed - 600'!$G$31*'SatışEkibi YS-Yen. Hed - 600'!$R37*'Satış YS-Yen.Hed (Ayık) - 600'!J$2 -> 75.625 | ... N11: ='SatışEkibi YS-Yen. Hed - 600'!$G$31*'SatışEkibi YS-Yen. Hed - 600'!$R37*'Satış YS-Yen.Hed (Ayık) - 600'!N$2 -> 108.125 | O11: =SUM(C11:N11) -> 1000 | Q11: =A11 -> Hosting | R11: =B11 -> Yeni Satış | S11: =SUM(C11:E11) -> 223.75 | T11: =SUM(F11:H11) -> 248.75 | U11: =SUM(I11:K11) -> 230.625 | V11: =SUM(L11:N11) -> 296.875 | W11: =SUM(S11:V11) -> 1000
A12: Hosting | B12: Yenileme | C12: ='SatışEkibi YS-Yen. Hed - 600'!$G$31*'SatışEkibi YS-Yen. Hed - 600'!$R38*'Satış YS-Yen.Hed (Ayık) - 600'!C$2 -> 2455.845 | D12: ='SatışEkibi YS-Yen. Hed - 600'!$G$31*'SatışEkibi YS-Yen. Hed - 600'!$R38*'Satış YS-Yen.Hed (Ayık) - 600'!D$2 -> 2455.845 | E12: ='SatışEkibi YS-Yen. Hed - 600'!$G$31*'SatışEkibi YS-Yen. Hed - 600'!$R38*'Satış YS-Yen.Hed (Ayık) - 600'!E$2 -> 2800.525 | F12: ='SatışEkibi YS-Yen. Hed - 600'!$G$31*'SatışEkibi YS-Yen. Hed - 600'!$R38*'Satış YS-Yen.Hed (Ayık) - 600'!F$2 -> 2735.8975 | G12: ='SatışEkibi YS-Yen. Hed - 600'!$G$31*'SatışEkibi YS-Yen. Hed - 600'!$R38*'Satış YS-Yen.Hed (Ayık) - 600'!G$2 -> 2735.8975 | H12: ='SatışEkibi YS-Yen. Hed - 600'!$G$31*'SatışEkibi YS-Yen. Hed - 600'!$R38*'Satış YS-Yen.Hed (Ayık) - 600'!H$2 -> 3102.12 | I12: ='SatışEkibi YS-Yen. Hed - 600'!$G$31*'SatışEkibi YS-Yen. Hed - 600'!$R38*'Satış YS-Yen.Hed (Ayık) - 600'!I$2 -> 2585.1 | J12: ='SatışEkibi YS-Yen. Hed - 600'!$G$31*'SatışEkibi YS-Yen. Hed - 600'!$R38*'Satış YS-Yen.Hed (Ayık) - 600'!J$2 -> 2606.6425 | ... N12: ='SatışEkibi YS-Yen. Hed - 600'!$G$31*'SatışEkibi YS-Yen. Hed - 600'!$R38*'Satış YS-Yen.Hed (Ayık) - 600'!N$2 -> 3726.8525 | O12: =SUM(C12:N12) -> 34468 | Q12: =A12 -> Hosting | R12: =B12 -> Yenileme | S12: =SUM(C12:E12) -> 7712.215 | T12: =SUM(F12:H12) -> 8573.915 | U12: =SUM(I12:K12) -> 7949.1825 | V12: =SUM(L12:N12) -> 10232.688 | W12: =SUM(S12:V12) -> 34468
A13: BFH | B13: Yeni Satış | C13: ='SatışEkibi YS-Yen. Hed - 600'!$I$31*'SatışEkibi YS-Yen. Hed - 600'!$T37*'Satış YS-Yen.Hed (Ayık) - 600'!C$2 -> 285 | D13: ='SatışEkibi YS-Yen. Hed - 600'!$I$31*'SatışEkibi YS-Yen. Hed - 600'!$T37*'Satış YS-Yen.Hed (Ayık) - 600'!D$2 -> 285 | E13: ='SatışEkibi YS-Yen. Hed - 600'!$I$31*'SatışEkibi YS-Yen. Hed - 600'!$T37*'Satış YS-Yen.Hed (Ayık) - 600'!E$2 -> 325 | F13: ='SatışEkibi YS-Yen. Hed - 600'!$I$31*'SatışEkibi YS-Yen. Hed - 600'!$T37*'Satış YS-Yen.Hed (Ayık) - 600'!F$2 -> 317.5 | G13: ='SatışEkibi YS-Yen. Hed - 600'!$I$31*'SatışEkibi YS-Yen. Hed - 600'!$T37*'Satış YS-Yen.Hed (Ayık) - 600'!G$2 -> 317.5 | H13: ='SatışEkibi YS-Yen. Hed - 600'!$I$31*'SatışEkibi YS-Yen. Hed - 600'!$T37*'Satış YS-Yen.Hed (Ayık) - 600'!H$2 -> 360 | I13: ='SatışEkibi YS-Yen. Hed - 600'!$I$31*'SatışEkibi YS-Yen. Hed - 600'!$T37*'Satış YS-Yen.Hed (Ayık) - 600'!I$2 -> 300 | J13: ='SatışEkibi YS-Yen. Hed - 600'!$I$31*'SatışEkibi YS-Yen. Hed - 600'!$T37*'Satış YS-Yen.Hed (Ayık) - 600'!J$2 -> 302.5 | ... N13: ='SatışEkibi YS-Yen. Hed - 600'!$I$31*'SatışEkibi YS-Yen. Hed - 600'!$T37*'Satış YS-Yen.Hed (Ayık) - 600'!N$2 -> 432.5 | O13: =SUM(C13:N13) -> 4000 | Q13: =A13 -> BFH | R13: =B13 -> Yeni Satış | S13: =SUM(C13:E13) -> 895 | T13: =SUM(F13:H13) -> 995 | U13: =SUM(I13:K13) -> 922.5 | V13: =SUM(L13:N13) -> 1187.5 | W13: =SUM(S13:V13) -> 4000
A14: Toplam | B14: Yeni Satış | C14: =SUMIF($B$5:$B$13,"Yeni Satış",C5:C13) -> 4489.4625 | D14: =SUMIF($B$5:$B$13,"Yeni Satış",D5:D13) -> 4489.4625 | E14: =SUMIF($B$5:$B$13,"Yeni Satış",E5:E13) -> 5119.5625 | F14: =SUMIF($B$5:$B$13,"Yeni Satış",F5:F13) -> 5001.4187 | G14: =SUMIF($B$5:$B$13,"Yeni Satış",G5:G13) -> 5001.4187 | H14: =SUMIF($B$5:$B$13,"Yeni Satış",H5:H13) -> 5670.9 | I14: =SUMIF($B$5:$B$13,"Yeni Satış",I5:I13) -> 4725.75 | J14: =SUMIF($B$5:$B$13,"Yeni Satış",J5:J13) -> 4765.1313 | ... N14: =SUMIF($B$5:$B$13,"Yeni Satış",N5:N13) -> 6812.9563 | O14: =SUMIF(B5:B13,"Yeni Satış",O5:O13) -> 63010 | Q14: Toplam | R14: =B14 -> Yeni Satış | S14: =SUMIF(R5:R13,"Yeni Satış",S5:S13) -> 14098.487 | T14: =SUMIF(R5:R13,"Yeni Satış",T5:T13) -> 15673.737 | U14: =SUMIF(R5:R13,"Yeni Satış",U5:U13) -> 14531.681 | V14: =SUMIF(R5:R13,"Yeni Satış",V5:V13) -> 18706.094 | W14: =SUM(S14:V14) -> 63010
A15: Toplam | B15: Yenileme | C15: =SUMIF($B$5:$B$14,"Yenileme",C5:C14) -> 7578.72 | D15: =SUMIF($B$5:$B$14,"Yenileme",D5:D14) -> 7578.72 | E15: =SUMIF($B$5:$B$14,"Yenileme",E5:E14) -> 8642.4 | F15: =SUMIF($B$5:$B$14,"Yenileme",F5:F14) -> 8442.96 | G15: =SUMIF($B$5:$B$14,"Yenileme",G5:G14) -> 8442.96 | H15: =SUMIF($B$5:$B$14,"Yenileme",H5:H14) -> 9573.12 | I15: =SUMIF($B$5:$B$14,"Yenileme",I5:I14) -> 7977.6 | J15: =SUMIF($B$5:$B$14,"Yenileme",J5:J14) -> 8044.08 | ... N15: =SUMIF($B$5:$B$14,"Yenileme",N5:N14) -> 11501.04 | O15: =SUMIF(B5:B13,"Yenileme",O5:O13) -> 106368 | Q15: Toplam | R15: =B15 -> Yenileme | S15: =SUMIF(R5:R13,"Yenileme",S5:S13) -> 23799.84 | T15: =SUMIF(R5:R13,"Yenileme",T5:T13) -> 26459.04 | U15: =SUMIF(R5:R13,"Yenileme",U5:U13) -> 24531.12 | V15: =SUMIF(R5:R13,"Yenileme",V5:V13) -> 31578 | W15: =SUM(S15:V15) -> 106368
A16: Genel Toplam | B16: YS + Yen. | C16: =SUM(C14:C15) -> 12068.183 | D16: =SUM(D14:D15) -> 12068.183 | E16: =SUM(E14:E15) -> 13761.963 | F16: =SUM(F14:F15) -> 13444.379 | G16: =SUM(G14:G15) -> 13444.379 | H16: =SUM(H14:H15) -> 15244.02 | I16: =SUM(I14:I15) -> 12703.35 | J16: =SUM(J14:J15) -> 12809.211 | ... N16: =SUM(N14:N15) -> 18313.996 | O16: =O14+O15 -> 169378 | Q16: Genel Toplam | R16: =B16 -> YS + Yen. | S16: =S14+S15 -> 37898.327 | T16: =T14+T15 -> 42132.777 | U16: =U14+U15 -> 39062.801 | V16: =V14+V15 -> 50284.094 | W16: =W14+W15 -> 169378
A18: Begüm Hayta — Direkt Satış | C18: Oca | D18: Şub | E18: Mar | F18: Nis | G18: May | H18: Haz | I18: Tem | J18: Ağu | K18: Eyl | L18: Eki | M18: Kas | N18: Ara | O18: Yıllık Toplam | Q18: =A18 -> Begüm Hayta — Direkt Satış | S18: Q1 | T18: Q2 | U18: Q3 | V18: Q4 | W18: Yıllık Toplam
A19: Enroute | B19: Yeni Satış | C19: ='SatışEkibi YS-Yen. Hed - 600'!$B$31*'SatışEkibi YS-Yen. Hed - 600'!$M40*'Satış YS-Yen.Hed (Ayık) - 600'!C$2 -> 2137.5 | D19: ='SatışEkibi YS-Yen. Hed - 600'!$B$31*'SatışEkibi YS-Yen. Hed - 600'!$M40*'Satış YS-Yen.Hed (Ayık) - 600'!D$2 -> 2137.5 | E19: ='SatışEkibi YS-Yen. Hed - 600'!$B$31*'SatışEkibi YS-Yen. Hed - 600'!$M40*'Satış YS-Yen.Hed (Ayık) - 600'!E$2 -> 2437.5 | F19: ='SatışEkibi YS-Yen. Hed - 600'!$B$31*'SatışEkibi YS-Yen. Hed - 600'!$M40*'Satış YS-Yen.Hed (Ayık) - 600'!F$2 -> 2381.25 | G19: ='SatışEkibi YS-Yen. Hed - 600'!$B$31*'SatışEkibi YS-Yen. Hed - 600'!$M40*'Satış YS-Yen.Hed (Ayık) - 600'!G$2 -> 2381.25 | H19: ='SatışEkibi YS-Yen. Hed - 600'!$B$31*'SatışEkibi YS-Yen. Hed - 600'!$M40*'Satış YS-Yen.Hed (Ayık) - 600'!H$2 -> 2700 | I19: ='SatışEkibi YS-Yen. Hed - 600'!$B$31*'SatışEkibi YS-Yen. Hed - 600'!$M40*'Satış YS-Yen.Hed (Ayık) - 600'!I$2 -> 2250 | J19: ='SatışEkibi YS-Yen. Hed - 600'!$B$31*'SatışEkibi YS-Yen. Hed - 600'!$M40*'Satış YS-Yen.Hed (Ayık) - 600'!J$2 -> 2268.75 | ... N19: ='SatışEkibi YS-Yen. Hed - 600'!$B$31*'SatışEkibi YS-Yen. Hed - 600'!$M40*'Satış YS-Yen.Hed (Ayık) - 600'!N$2 -> 3243.75 | O19: =SUM(C19:N19) -> 30000 | Q19: =A19 -> Enroute | R19: =B19 -> Yeni Satış | S19: =SUM(C19:E19) -> 6712.5 | T19: =SUM(F19:H19) -> 7462.5 | U19: =SUM(I19:K19) -> 6918.75 | V19: =SUM(L19:N19) -> 8906.25 | W19: =SUM(S19:V19) -> 30000
A20: Enroute | B20: Yenileme | C20: ='SatışEkibi YS-Yen. Hed - 600'!$B$31*'SatışEkibi YS-Yen. Hed - 600'!$M41*'Satış YS-Yen.Hed (Ayık) - 600'!C$2 -> 3277.5 | D20: ='SatışEkibi YS-Yen. Hed - 600'!$B$31*'SatışEkibi YS-Yen. Hed - 600'!$M41*'Satış YS-Yen.Hed (Ayık) - 600'!D$2 -> 3277.5 | E20: ='SatışEkibi YS-Yen. Hed - 600'!$B$31*'SatışEkibi YS-Yen. Hed - 600'!$M41*'Satış YS-Yen.Hed (Ayık) - 600'!E$2 -> 3737.5 | F20: ='SatışEkibi YS-Yen. Hed - 600'!$B$31*'SatışEkibi YS-Yen. Hed - 600'!$M41*'Satış YS-Yen.Hed (Ayık) - 600'!F$2 -> 3651.25 | G20: ='SatışEkibi YS-Yen. Hed - 600'!$B$31*'SatışEkibi YS-Yen. Hed - 600'!$M41*'Satış YS-Yen.Hed (Ayık) - 600'!G$2 -> 3651.25 | H20: ='SatışEkibi YS-Yen. Hed - 600'!$B$31*'SatışEkibi YS-Yen. Hed - 600'!$M41*'Satış YS-Yen.Hed (Ayık) - 600'!H$2 -> 4140 | I20: ='SatışEkibi YS-Yen. Hed - 600'!$B$31*'SatışEkibi YS-Yen. Hed - 600'!$M41*'Satış YS-Yen.Hed (Ayık) - 600'!I$2 -> 3450 | J20: ='SatışEkibi YS-Yen. Hed - 600'!$B$31*'SatışEkibi YS-Yen. Hed - 600'!$M41*'Satış YS-Yen.Hed (Ayık) - 600'!J$2 -> 3478.75 | ... N20: ='SatışEkibi YS-Yen. Hed - 600'!$B$31*'SatışEkibi YS-Yen. Hed - 600'!$M41*'Satış YS-Yen.Hed (Ayık) - 600'!N$2 -> 4973.75 | O20: =SUM(C20:N20) -> 46000 | Q20: =A20 -> Enroute | R20: =B20 -> Yenileme | S20: =SUM(C20:E20) -> 10292.5 | T20: =SUM(F20:H20) -> 11442.5 | U20: =SUM(I20:K20) -> 10608.75 | V20: =SUM(L20:N20) -> 13656.25 | W20: =SUM(S20:V20) -> 46000
A21: Stokbar | B21: Yeni Satış | C21: ='SatışEkibi YS-Yen. Hed - 600'!$C$31*'SatışEkibi YS-Yen. Hed - 600'!$N40*'Satış YS-Yen.Hed (Ayık) - 600'!C$2 -> 641.25 | D21: ='SatışEkibi YS-Yen. Hed - 600'!$C$31*'SatışEkibi YS-Yen. Hed - 600'!$N40*'Satış YS-Yen.Hed (Ayık) - 600'!D$2 -> 641.25 | E21: ='SatışEkibi YS-Yen. Hed - 600'!$C$31*'SatışEkibi YS-Yen. Hed - 600'!$N40*'Satış YS-Yen.Hed (Ayık) - 600'!E$2 -> 731.25 | F21: ='SatışEkibi YS-Yen. Hed - 600'!$C$31*'SatışEkibi YS-Yen. Hed - 600'!$N40*'Satış YS-Yen.Hed (Ayık) - 600'!F$2 -> 714.375 | G21: ='SatışEkibi YS-Yen. Hed - 600'!$C$31*'SatışEkibi YS-Yen. Hed - 600'!$N40*'Satış YS-Yen.Hed (Ayık) - 600'!G$2 -> 714.375 | H21: ='SatışEkibi YS-Yen. Hed - 600'!$C$31*'SatışEkibi YS-Yen. Hed - 600'!$N40*'Satış YS-Yen.Hed (Ayık) - 600'!H$2 -> 810 | I21: ='SatışEkibi YS-Yen. Hed - 600'!$C$31*'SatışEkibi YS-Yen. Hed - 600'!$N40*'Satış YS-Yen.Hed (Ayık) - 600'!I$2 -> 675 | J21: ='SatışEkibi YS-Yen. Hed - 600'!$C$31*'SatışEkibi YS-Yen. Hed - 600'!$N40*'Satış YS-Yen.Hed (Ayık) - 600'!J$2 -> 680.625 | ... N21: ='SatışEkibi YS-Yen. Hed - 600'!$C$31*'SatışEkibi YS-Yen. Hed - 600'!$N40*'Satış YS-Yen.Hed (Ayık) - 600'!N$2 -> 973.125 | O21: =SUM(C21:N21) -> 9000 | Q21: =A21 -> Stokbar | R21: =B21 -> Yeni Satış | S21: =SUM(C21:E21) -> 2013.75 | T21: =SUM(F21:H21) -> 2238.75 | U21: =SUM(I21:K21) -> 2075.625 | V21: =SUM(L21:N21) -> 2671.875 | W21: =SUM(S21:V21) -> 9000
A22: Stokbar | B22: Yenileme | C22: ='SatışEkibi YS-Yen. Hed - 600'!$C$31*'SatışEkibi YS-Yen. Hed - 600'!$N41*'Satış YS-Yen.Hed (Ayık) - 600'!C$2 -> 406.05375 | D22: ='SatışEkibi YS-Yen. Hed - 600'!$C$31*'SatışEkibi YS-Yen. Hed - 600'!$N41*'Satış YS-Yen.Hed (Ayık) - 600'!D$2 -> 406.05375 | E22: ='SatışEkibi YS-Yen. Hed - 600'!$C$31*'SatışEkibi YS-Yen. Hed - 600'!$N41*'Satış YS-Yen.Hed (Ayık) - 600'!E$2 -> 463.04375 | F22: ='SatışEkibi YS-Yen. Hed - 600'!$C$31*'SatışEkibi YS-Yen. Hed - 600'!$N41*'Satış YS-Yen.Hed (Ayık) - 600'!F$2 -> 452.35813 | G22: ='SatışEkibi YS-Yen. Hed - 600'!$C$31*'SatışEkibi YS-Yen. Hed - 600'!$N41*'Satış YS-Yen.Hed (Ayık) - 600'!G$2 -> 452.35813 | H22: ='SatışEkibi YS-Yen. Hed - 600'!$C$31*'SatışEkibi YS-Yen. Hed - 600'!$N41*'Satış YS-Yen.Hed (Ayık) - 600'!H$2 -> 512.91 | I22: ='SatışEkibi YS-Yen. Hed - 600'!$C$31*'SatışEkibi YS-Yen. Hed - 600'!$N41*'Satış YS-Yen.Hed (Ayık) - 600'!I$2 -> 427.425 | J22: ='SatışEkibi YS-Yen. Hed - 600'!$C$31*'SatışEkibi YS-Yen. Hed - 600'!$N41*'Satış YS-Yen.Hed (Ayık) - 600'!J$2 -> 430.98687 | ... N22: ='SatışEkibi YS-Yen. Hed - 600'!$C$31*'SatışEkibi YS-Yen. Hed - 600'!$N41*'Satış YS-Yen.Hed (Ayık) - 600'!N$2 -> 616.20438 | O22: =SUM(C22:N22) -> 5699 | Q22: =A22 -> Stokbar | R22: =B22 -> Yenileme | S22: =SUM(C22:E22) -> 1275.1513 | T22: =SUM(F22:H22) -> 1417.6262 | U22: =SUM(I22:K22) -> 1314.3319 | V22: =SUM(L22:N22) -> 1691.8906 | W22: =SUM(S22:V22) -> 5699
A23: Quest | B23: Yeni Satış | C23: ='SatışEkibi YS-Yen. Hed - 600'!$D$31*'SatışEkibi YS-Yen. Hed - 600'!$O40*'Satış YS-Yen.Hed (Ayık) - 600'!C$2 -> 669.75 | D23: ='SatışEkibi YS-Yen. Hed - 600'!$D$31*'SatışEkibi YS-Yen. Hed - 600'!$O40*'Satış YS-Yen.Hed (Ayık) - 600'!D$2 -> 669.75 | E23: ='SatışEkibi YS-Yen. Hed - 600'!$D$31*'SatışEkibi YS-Yen. Hed - 600'!$O40*'Satış YS-Yen.Hed (Ayık) - 600'!E$2 -> 763.75 | F23: ='SatışEkibi YS-Yen. Hed - 600'!$D$31*'SatışEkibi YS-Yen. Hed - 600'!$O40*'Satış YS-Yen.Hed (Ayık) - 600'!F$2 -> 746.125 | G23: ='SatışEkibi YS-Yen. Hed - 600'!$D$31*'SatışEkibi YS-Yen. Hed - 600'!$O40*'Satış YS-Yen.Hed (Ayık) - 600'!G$2 -> 746.125 | H23: ='SatışEkibi YS-Yen. Hed - 600'!$D$31*'SatışEkibi YS-Yen. Hed - 600'!$O40*'Satış YS-Yen.Hed (Ayık) - 600'!H$2 -> 846 | I23: ='SatışEkibi YS-Yen. Hed - 600'!$D$31*'SatışEkibi YS-Yen. Hed - 600'!$O40*'Satış YS-Yen.Hed (Ayık) - 600'!I$2 -> 705 | J23: ='SatışEkibi YS-Yen. Hed - 600'!$D$31*'SatışEkibi YS-Yen. Hed - 600'!$O40*'Satış YS-Yen.Hed (Ayık) - 600'!J$2 -> 710.875 | ... N23: ='SatışEkibi YS-Yen. Hed - 600'!$D$31*'SatışEkibi YS-Yen. Hed - 600'!$O40*'Satış YS-Yen.Hed (Ayık) - 600'!N$2 -> 1016.375 | O23: =SUM(C23:N23) -> 9400 | Q23: =A23 -> Quest | R23: =B23 -> Yeni Satış | S23: =SUM(C23:E23) -> 2103.25 | T23: =SUM(F23:H23) -> 2338.25 | U23: =SUM(I23:K23) -> 2167.875 | V23: =SUM(L23:N23) -> 2790.625 | W23: =SUM(S23:V23) -> 9400
A24: Quest | B24: Yenileme | C24: ='SatışEkibi YS-Yen. Hed - 600'!$D$31*'SatışEkibi YS-Yen. Hed - 600'!$O41*'Satış YS-Yen.Hed (Ayık) - 600'!C$2 -> 456 | D24: ='SatışEkibi YS-Yen. Hed - 600'!$D$31*'SatışEkibi YS-Yen. Hed - 600'!$O41*'Satış YS-Yen.Hed (Ayık) - 600'!D$2 -> 456 | E24: ='SatışEkibi YS-Yen. Hed - 600'!$D$31*'SatışEkibi YS-Yen. Hed - 600'!$O41*'Satış YS-Yen.Hed (Ayık) - 600'!E$2 -> 520 | F24: ='SatışEkibi YS-Yen. Hed - 600'!$D$31*'SatışEkibi YS-Yen. Hed - 600'!$O41*'Satış YS-Yen.Hed (Ayık) - 600'!F$2 -> 508 | G24: ='SatışEkibi YS-Yen. Hed - 600'!$D$31*'SatışEkibi YS-Yen. Hed - 600'!$O41*'Satış YS-Yen.Hed (Ayık) - 600'!G$2 -> 508 | H24: ='SatışEkibi YS-Yen. Hed - 600'!$D$31*'SatışEkibi YS-Yen. Hed - 600'!$O41*'Satış YS-Yen.Hed (Ayık) - 600'!H$2 -> 576 | I24: ='SatışEkibi YS-Yen. Hed - 600'!$D$31*'SatışEkibi YS-Yen. Hed - 600'!$O41*'Satış YS-Yen.Hed (Ayık) - 600'!I$2 -> 480 | J24: ='SatışEkibi YS-Yen. Hed - 600'!$D$31*'SatışEkibi YS-Yen. Hed - 600'!$O41*'Satış YS-Yen.Hed (Ayık) - 600'!J$2 -> 484 | ... N24: ='SatışEkibi YS-Yen. Hed - 600'!$D$31*'SatışEkibi YS-Yen. Hed - 600'!$O41*'Satış YS-Yen.Hed (Ayık) - 600'!N$2 -> 692 | O24: =SUM(C24:N24) -> 6400 | Q24: =A24 -> Quest | R24: =B24 -> Yenileme | S24: =SUM(C24:E24) -> 1432 | T24: =SUM(F24:H24) -> 1592 | U24: =SUM(I24:K24) -> 1476 | V24: =SUM(L24:N24) -> 1900 | W24: =SUM(S24:V24) -> 6400
A25: Varuna | B25: Yeni Satış | C25: ='SatışEkibi YS-Yen. Hed - 600'!$F$31*'SatışEkibi YS-Yen. Hed - 600'!$Q40*'Satış YS-Yen.Hed (Ayık) - 600'!C$2 -> 78.375 | D25: ='SatışEkibi YS-Yen. Hed - 600'!$F$31*'SatışEkibi YS-Yen. Hed - 600'!$Q40*'Satış YS-Yen.Hed (Ayık) - 600'!D$2 -> 78.375 | E25: ='SatışEkibi YS-Yen. Hed - 600'!$F$31*'SatışEkibi YS-Yen. Hed - 600'!$Q40*'Satış YS-Yen.Hed (Ayık) - 600'!E$2 -> 89.375 | F25: ='SatışEkibi YS-Yen. Hed - 600'!$F$31*'SatışEkibi YS-Yen. Hed - 600'!$Q40*'Satış YS-Yen.Hed (Ayık) - 600'!F$2 -> 87.3125 | G25: ='SatışEkibi YS-Yen. Hed - 600'!$F$31*'SatışEkibi YS-Yen. Hed - 600'!$Q40*'Satış YS-Yen.Hed (Ayık) - 600'!G$2 -> 87.3125 | H25: ='SatışEkibi YS-Yen. Hed - 600'!$F$31*'SatışEkibi YS-Yen. Hed - 600'!$Q40*'Satış YS-Yen.Hed (Ayık) - 600'!H$2 -> 99 | I25: ='SatışEkibi YS-Yen. Hed - 600'!$F$31*'SatışEkibi YS-Yen. Hed - 600'!$Q40*'Satış YS-Yen.Hed (Ayık) - 600'!I$2 -> 82.5 | J25: ='SatışEkibi YS-Yen. Hed - 600'!$F$31*'SatışEkibi YS-Yen. Hed - 600'!$Q40*'Satış YS-Yen.Hed (Ayık) - 600'!J$2 -> 83.1875 | ... N25: ='SatışEkibi YS-Yen. Hed - 600'!$F$31*'SatışEkibi YS-Yen. Hed - 600'!$Q40*'Satış YS-Yen.Hed (Ayık) - 600'!N$2 -> 118.9375 | O25: =SUM(C25:N25) -> 1100 | Q25: =A25 -> Varuna | R25: =B25 -> Yeni Satış | S25: =SUM(C25:E25) -> 246.125 | T25: =SUM(F25:H25) -> 273.625 | U25: =SUM(I25:K25) -> 253.6875 | V25: =SUM(L25:N25) -> 326.5625 | W25: =SUM(S25:V25) -> 1100
A26: Hosting | B26: Yeni Satış | C26: ='SatışEkibi YS-Yen. Hed - 600'!$G$31*'SatışEkibi YS-Yen. Hed - 600'!$R40*'Satış YS-Yen.Hed (Ayık) - 600'!C$2 -> 71.25 | D26: ='SatışEkibi YS-Yen. Hed - 600'!$G$31*'SatışEkibi YS-Yen. Hed - 600'!$R40*'Satış YS-Yen.Hed (Ayık) - 600'!D$2 -> 71.25 | E26: ='SatışEkibi YS-Yen. Hed - 600'!$G$31*'SatışEkibi YS-Yen. Hed - 600'!$R40*'Satış YS-Yen.Hed (Ayık) - 600'!E$2 -> 81.25 | F26: ='SatışEkibi YS-Yen. Hed - 600'!$G$31*'SatışEkibi YS-Yen. Hed - 600'!$R40*'Satış YS-Yen.Hed (Ayık) - 600'!F$2 -> 79.375 | G26: ='SatışEkibi YS-Yen. Hed - 600'!$G$31*'SatışEkibi YS-Yen. Hed - 600'!$R40*'Satış YS-Yen.Hed (Ayık) - 600'!G$2 -> 79.375 | H26: ='SatışEkibi YS-Yen. Hed - 600'!$G$31*'SatışEkibi YS-Yen. Hed - 600'!$R40*'Satış YS-Yen.Hed (Ayık) - 600'!H$2 -> 90 | I26: ='SatışEkibi YS-Yen. Hed - 600'!$G$31*'SatışEkibi YS-Yen. Hed - 600'!$R40*'Satış YS-Yen.Hed (Ayık) - 600'!I$2 -> 75 | J26: ='SatışEkibi YS-Yen. Hed - 600'!$G$31*'SatışEkibi YS-Yen. Hed - 600'!$R40*'Satış YS-Yen.Hed (Ayık) - 600'!J$2 -> 75.625 | ... N26: ='SatışEkibi YS-Yen. Hed - 600'!$G$31*'SatışEkibi YS-Yen. Hed - 600'!$R40*'Satış YS-Yen.Hed (Ayık) - 600'!N$2 -> 108.125 | O26: =SUM(C26:N26) -> 1000 | Q26: =A26 -> Hosting | R26: =B26 -> Yeni Satış | S26: =SUM(C26:E26) -> 223.75 | T26: =SUM(F26:H26) -> 248.75 | U26: =SUM(I26:K26) -> 230.625 | V26: =SUM(L26:N26) -> 296.875 | W26: =SUM(S26:V26) -> 1000
A27: Hosting | B27: Yenileme | C27: ='SatışEkibi YS-Yen. Hed - 600'!$G$31*'SatışEkibi YS-Yen. Hed - 600'!$R41*'Satış YS-Yen.Hed (Ayık) - 600'!C$2 -> 1112.2125 | D27: ='SatışEkibi YS-Yen. Hed - 600'!$G$31*'SatışEkibi YS-Yen. Hed - 600'!$R41*'Satış YS-Yen.Hed (Ayık) - 600'!D$2 -> 1112.2125 | E27: ='SatışEkibi YS-Yen. Hed - 600'!$G$31*'SatışEkibi YS-Yen. Hed - 600'!$R41*'Satış YS-Yen.Hed (Ayık) - 600'!E$2 -> 1268.3125 | F27: ='SatışEkibi YS-Yen. Hed - 600'!$G$31*'SatışEkibi YS-Yen. Hed - 600'!$R41*'Satış YS-Yen.Hed (Ayık) - 600'!F$2 -> 1239.0438 | G27: ='SatışEkibi YS-Yen. Hed - 600'!$G$31*'SatışEkibi YS-Yen. Hed - 600'!$R41*'Satış YS-Yen.Hed (Ayık) - 600'!G$2 -> 1239.0438 | H27: ='SatışEkibi YS-Yen. Hed - 600'!$G$31*'SatışEkibi YS-Yen. Hed - 600'!$R41*'Satış YS-Yen.Hed (Ayık) - 600'!H$2 -> 1404.9 | I27: ='SatışEkibi YS-Yen. Hed - 600'!$G$31*'SatışEkibi YS-Yen. Hed - 600'!$R41*'Satış YS-Yen.Hed (Ayık) - 600'!I$2 -> 1170.75 | J27: ='SatışEkibi YS-Yen. Hed - 600'!$G$31*'SatışEkibi YS-Yen. Hed - 600'!$R41*'Satış YS-Yen.Hed (Ayık) - 600'!J$2 -> 1180.5062 | ... N27: ='SatışEkibi YS-Yen. Hed - 600'!$G$31*'SatışEkibi YS-Yen. Hed - 600'!$R41*'Satış YS-Yen.Hed (Ayık) - 600'!N$2 -> 1687.8312 | O27: =SUM(C27:N27) -> 15610 | Q27: =A27 -> Hosting | R27: =B27 -> Yenileme | S27: =SUM(C27:E27) -> 3492.7375 | T27: =SUM(F27:H27) -> 3882.9875 | U27: =SUM(I27:K27) -> 3600.0562 | V27: =SUM(L27:N27) -> 4634.2188 | W27: =SUM(S27:V27) -> 15610
A28: BFH | B28: Yeni Satış | C28: ='SatışEkibi YS-Yen. Hed - 600'!$I$31*'SatışEkibi YS-Yen. Hed - 600'!$T40*'Satış YS-Yen.Hed (Ayık) - 600'!C$2 -> 285 | D28: ='SatışEkibi YS-Yen. Hed - 600'!$I$31*'SatışEkibi YS-Yen. Hed - 600'!$T40*'Satış YS-Yen.Hed (Ayık) - 600'!D$2 -> 285 | E28: ='SatışEkibi YS-Yen. Hed - 600'!$I$31*'SatışEkibi YS-Yen. Hed - 600'!$T40*'Satış YS-Yen.Hed (Ayık) - 600'!E$2 -> 325 | F28: ='SatışEkibi YS-Yen. Hed - 600'!$I$31*'SatışEkibi YS-Yen. Hed - 600'!$T40*'Satış YS-Yen.Hed (Ayık) - 600'!F$2 -> 317.5 | G28: ='SatışEkibi YS-Yen. Hed - 600'!$I$31*'SatışEkibi YS-Yen. Hed - 600'!$T40*'Satış YS-Yen.Hed (Ayık) - 600'!G$2 -> 317.5 | H28: ='SatışEkibi YS-Yen. Hed - 600'!$I$31*'SatışEkibi YS-Yen. Hed - 600'!$T40*'Satış YS-Yen.Hed (Ayık) - 600'!H$2 -> 360 | I28: ='SatışEkibi YS-Yen. Hed - 600'!$I$31*'SatışEkibi YS-Yen. Hed - 600'!$T40*'Satış YS-Yen.Hed (Ayık) - 600'!I$2 -> 300 | J28: ='SatışEkibi YS-Yen. Hed - 600'!$I$31*'SatışEkibi YS-Yen. Hed - 600'!$T40*'Satış YS-Yen.Hed (Ayık) - 600'!J$2 -> 302.5 | ... N28: ='SatışEkibi YS-Yen. Hed - 600'!$I$31*'SatışEkibi YS-Yen. Hed - 600'!$T40*'Satış YS-Yen.Hed (Ayık) - 600'!N$2 -> 432.5 | O28: =SUM(C28:N28) -> 4000 | Q28: =A28 -> BFH | R28: =B28 -> Yeni Satış | S28: =SUM(C28:E28) -> 895 | T28: =SUM(F28:H28) -> 995 | U28: =SUM(I28:K28) -> 922.5 | V28: =SUM(L28:N28) -> 1187.5 | W28: =SUM(S28:V28) -> 4000
A29: Toplam | B29: Yeni Satış | C29: =SUMIF($B$19:$B$28,"Yeni Satış",C19:C28) -> 3883.125 | D29: =SUMIF($B$19:$B$28,"Yeni Satış",D19:D28) -> 3883.125 | E29: =SUMIF($B$19:$B$28,"Yeni Satış",E19:E28) -> 4428.125 | F29: =SUMIF($B$19:$B$28,"Yeni Satış",F19:F28) -> 4325.9375 | G29: =SUMIF($B$19:$B$28,"Yeni Satış",G19:G28) -> 4325.9375 | H29: =SUMIF($B$19:$B$28,"Yeni Satış",H19:H28) -> 4905 | I29: =SUMIF($B$19:$B$28,"Yeni Satış",I19:I28) -> 4087.5 | J29: =SUMIF($B$19:$B$28,"Yeni Satış",J19:J28) -> 4121.5625 | ... N29: =SUMIF($B$19:$B$28,"Yeni Satış",N19:N28) -> 5892.8125 | O29: =SUMIF(B19:B28,"Yeni Satış",O19:O28) -> 54500 | Q29: Toplam | R29: =B29 -> Yeni Satış | S29: =SUMIF(R19:R28,"Yeni Satış",S19:S28) -> 12194.375 | T29: =SUMIF(R19:R28,"Yeni Satış",T19:T28) -> 13556.875 | U29: =SUMIF(R19:R28,"Yeni Satış",U19:U28) -> 12569.062 | V29: =SUMIF(R19:R28,"Yeni Satış",V19:V28) -> 16179.688 | W29: =SUM(S29:V29) -> 54500
A30: Toplam | B30: Yenileme | C30: =SUMIF($B$19:$B$28,"Yenileme",C19:C28) -> 5251.7663 | D30: =SUMIF($B$19:$B$28,"Yenileme",D19:D28) -> 5251.7663 | E30: =SUMIF($B$19:$B$28,"Yenileme",E19:E28) -> 5988.8562 | F30: =SUMIF($B$19:$B$28,"Yenileme",F19:F28) -> 5850.6519 | G30: =SUMIF($B$19:$B$28,"Yenileme",G19:G28) -> 5850.6519 | H30: =SUMIF($B$19:$B$28,"Yenileme",H19:H28) -> 6633.81 | I30: =SUMIF($B$19:$B$28,"Yenileme",I19:I28) -> 5528.175 | J30: =SUMIF($B$19:$B$28,"Yenileme",J19:J28) -> 5574.2431 | ... N30: =SUMIF($B$19:$B$28,"Yenileme",N19:N28) -> 7969.7856 | O30: =SUMIF(B19:B28,"Yenileme",O19:O28) -> 73709 | Q30: Toplam | R30: =B30 -> Yenileme | S30: =SUMIF(R19:R28,"Yenileme",S19:S28) -> 16492.389 | T30: =SUMIF(R19:R28,"Yenileme",T19:T28) -> 18335.114 | U30: =SUMIF(R19:R28,"Yenileme",U19:U28) -> 16999.138 | V30: =SUMIF(R19:R28,"Yenileme",V19:V28) -> 21882.359 | W30: =SUM(S30:V30) -> 73709
A31: Genel Toplam | B31: YS + Yen. | C31: =SUM(C29:C30) -> 9134.8913 | D31: =SUM(D29:D30) -> 9134.8913 | E31: =SUM(E29:E30) -> 10416.981 | F31: =SUM(F29:F30) -> 10176.589 | G31: =SUM(G29:G30) -> 10176.589 | H31: =SUM(H29:H30) -> 11538.81 | I31: =SUM(I29:I30) -> 9615.675 | J31: =SUM(J29:J30) -> 9695.8056 | ... N31: =SUM(N29:N30) -> 13862.598 | O31: =O29+O30 -> 128209 | Q31: Genel Toplam | R31: =B31 -> YS + Yen. | S31: =S29+S30 -> 28686.764 | T31: =T29+T30 -> 31891.989 | U31: =U29+U30 -> 29568.201 | V31: =V29+V30 -> 38062.047 | W31: =W29+W30 -> 128209
A33: Semih Balaban — Direkt Satış | C33: Oca | D33: Şub | E33: Mar | F33: Nis | G33: May | H33: Haz | I33: Tem | J33: Ağu | K33: Eyl | L33: Eki | M33: Kas | N33: Ara | O33: Yıllık Toplam | Q33: =A33 -> Semih Balaban — Direkt Satış | S33: Q1 | T33: Q2 | U33: Q3 | V33: Q4 | W33: Yıllık Toplam
A34: Enroute | B34: Yeni Satış | C34: ='SatışEkibi YS-Yen. Hed - 600'!$B$31*'SatışEkibi YS-Yen. Hed - 600'!$M43*'Satış YS-Yen.Hed (Ayık) - 600'!C$2 -> 1246.875 | D34: ='SatışEkibi YS-Yen. Hed - 600'!$B$31*'SatışEkibi YS-Yen. Hed - 600'!$M43*'Satış YS-Yen.Hed (Ayık) - 600'!D$2 -> 1246.875 | E34: ='SatışEkibi YS-Yen. Hed - 600'!$B$31*'SatışEkibi YS-Yen. Hed - 600'!$M43*'Satış YS-Yen.Hed (Ayık) - 600'!E$2 -> 1421.875 | F34: ='SatışEkibi YS-Yen. Hed - 600'!$B$31*'SatışEkibi YS-Yen. Hed - 600'!$M43*'Satış YS-Yen.Hed (Ayık) - 600'!F$2 -> 1389.0625 | G34: ='SatışEkibi YS-Yen. Hed - 600'!$B$31*'SatışEkibi YS-Yen. Hed - 600'!$M43*'Satış YS-Yen.Hed (Ayık) - 600'!G$2 -> 1389.0625 | H34: ='SatışEkibi YS-Yen. Hed - 600'!$B$31*'SatışEkibi YS-Yen. Hed - 600'!$M43*'Satış YS-Yen.Hed (Ayık) - 600'!H$2 -> 1575 | I34: ='SatışEkibi YS-Yen. Hed - 600'!$B$31*'SatışEkibi YS-Yen. Hed - 600'!$M43*'Satış YS-Yen.Hed (Ayık) - 600'!I$2 -> 1312.5 | J34: ='SatışEkibi YS-Yen. Hed - 600'!$B$31*'SatışEkibi YS-Yen. Hed - 600'!$M43*'Satış YS-Yen.Hed (Ayık) - 600'!J$2 -> 1323.4375 | ... N34: ='SatışEkibi YS-Yen. Hed - 600'!$B$31*'SatışEkibi YS-Yen. Hed - 600'!$M43*'Satış YS-Yen.Hed (Ayık) - 600'!N$2 -> 1892.1875 | O34: =SUM(C34:N34) -> 17500 | Q34: =A34 -> Enroute | R34: =B34 -> Yeni Satış | S34: =SUM(C34:E34) -> 3915.625 | T34: =SUM(F34:H34) -> 4353.125 | U34: =SUM(I34:K34) -> 4035.9375 | V34: =SUM(L34:N34) -> 5195.3125 | W34: =SUM(S34:V34) -> 17500
A35: Enroute | B35: Yenileme | C35: ='SatışEkibi YS-Yen. Hed - 600'!$B$31*'SatışEkibi YS-Yen. Hed - 600'!$M44*'Satış YS-Yen.Hed (Ayık) - 600'!C$2 -> 1781.25 | D35: ='SatışEkibi YS-Yen. Hed - 600'!$B$31*'SatışEkibi YS-Yen. Hed - 600'!$M44*'Satış YS-Yen.Hed (Ayık) - 600'!D$2 -> 1781.25 | E35: ='SatışEkibi YS-Yen. Hed - 600'!$B$31*'SatışEkibi YS-Yen. Hed - 600'!$M44*'Satış YS-Yen.Hed (Ayık) - 600'!E$2 -> 2031.25 | F35: ='SatışEkibi YS-Yen. Hed - 600'!$B$31*'SatışEkibi YS-Yen. Hed - 600'!$M44*'Satış YS-Yen.Hed (Ayık) - 600'!F$2 -> 1984.375 | G35: ='SatışEkibi YS-Yen. Hed - 600'!$B$31*'SatışEkibi YS-Yen. Hed - 600'!$M44*'Satış YS-Yen.Hed (Ayık) - 600'!G$2 -> 1984.375 | H35: ='SatışEkibi YS-Yen. Hed - 600'!$B$31*'SatışEkibi YS-Yen. Hed - 600'!$M44*'Satış YS-Yen.Hed (Ayık) - 600'!H$2 -> 2250 | I35: ='SatışEkibi YS-Yen. Hed - 600'!$B$31*'SatışEkibi YS-Yen. Hed - 600'!$M44*'Satış YS-Yen.Hed (Ayık) - 600'!I$2 -> 1875 | J35: ='SatışEkibi YS-Yen. Hed - 600'!$B$31*'SatışEkibi YS-Yen. Hed - 600'!$M44*'Satış YS-Yen.Hed (Ayık) - 600'!J$2 -> 1890.625 | ... N35: ='SatışEkibi YS-Yen. Hed - 600'!$B$31*'SatışEkibi YS-Yen. Hed - 600'!$M44*'Satış YS-Yen.Hed (Ayık) - 600'!N$2 -> 2703.125 | O35: =SUM(C35:N35) -> 25000 | Q35: =A35 -> Enroute | R35: =B35 -> Yenileme | S35: =SUM(C35:E35) -> 5593.75 | T35: =SUM(F35:H35) -> 6218.75 | U35: =SUM(I35:K35) -> 5765.625 | V35: =SUM(L35:N35) -> 7421.875 | W35: =SUM(S35:V35) -> 25000
A36: Stokbar | B36: Yeni Satış | C36: ='SatışEkibi YS-Yen. Hed - 600'!$C$31*'SatışEkibi YS-Yen. Hed - 600'!$N43*'Satış YS-Yen.Hed (Ayık) - 600'!C$2 -> 570 | D36: ='SatışEkibi YS-Yen. Hed - 600'!$C$31*'SatışEkibi YS-Yen. Hed - 600'!$N43*'Satış YS-Yen.Hed (Ayık) - 600'!D$2 -> 570 | E36: ='SatışEkibi YS-Yen. Hed - 600'!$C$31*'SatışEkibi YS-Yen. Hed - 600'!$N43*'Satış YS-Yen.Hed (Ayık) - 600'!E$2 -> 650 | F36: ='SatışEkibi YS-Yen. Hed - 600'!$C$31*'SatışEkibi YS-Yen. Hed - 600'!$N43*'Satış YS-Yen.Hed (Ayık) - 600'!F$2 -> 635 | G36: ='SatışEkibi YS-Yen. Hed - 600'!$C$31*'SatışEkibi YS-Yen. Hed - 600'!$N43*'Satış YS-Yen.Hed (Ayık) - 600'!G$2 -> 635 | H36: ='SatışEkibi YS-Yen. Hed - 600'!$C$31*'SatışEkibi YS-Yen. Hed - 600'!$N43*'Satış YS-Yen.Hed (Ayık) - 600'!H$2 -> 720 | I36: ='SatışEkibi YS-Yen. Hed - 600'!$C$31*'SatışEkibi YS-Yen. Hed - 600'!$N43*'Satış YS-Yen.Hed (Ayık) - 600'!I$2 -> 600 | J36: ='SatışEkibi YS-Yen. Hed - 600'!$C$31*'SatışEkibi YS-Yen. Hed - 600'!$N43*'Satış YS-Yen.Hed (Ayık) - 600'!J$2 -> 605 | ... N36: ='SatışEkibi YS-Yen. Hed - 600'!$C$31*'SatışEkibi YS-Yen. Hed - 600'!$N43*'Satış YS-Yen.Hed (Ayık) - 600'!N$2 -> 865 | O36: =SUM(C36:N36) -> 8000 | Q36: =A36 -> Stokbar | R36: =B36 -> Yeni Satış | S36: =SUM(C36:E36) -> 1790 | T36: =SUM(F36:H36) -> 1990 | U36: =SUM(I36:K36) -> 1845 | V36: =SUM(L36:N36) -> 2375 | W36: =SUM(S36:V36) -> 8000
A37: Stokbar | B37: Yenileme | C37: ='SatışEkibi YS-Yen. Hed - 600'!$C$31*'SatışEkibi YS-Yen. Hed - 600'!$N44*'Satış YS-Yen.Hed (Ayık) - 600'!C$2 -> 251.29875 | D37: ='SatışEkibi YS-Yen. Hed - 600'!$C$31*'SatışEkibi YS-Yen. Hed - 600'!$N44*'Satış YS-Yen.Hed (Ayık) - 600'!D$2 -> 251.29875 | E37: ='SatışEkibi YS-Yen. Hed - 600'!$C$31*'SatışEkibi YS-Yen. Hed - 600'!$N44*'Satış YS-Yen.Hed (Ayık) - 600'!E$2 -> 286.56875 | F37: ='SatışEkibi YS-Yen. Hed - 600'!$C$31*'SatışEkibi YS-Yen. Hed - 600'!$N44*'Satış YS-Yen.Hed (Ayık) - 600'!F$2 -> 279.95562 | G37: ='SatışEkibi YS-Yen. Hed - 600'!$C$31*'SatışEkibi YS-Yen. Hed - 600'!$N44*'Satış YS-Yen.Hed (Ayık) - 600'!G$2 -> 279.95562 | H37: ='SatışEkibi YS-Yen. Hed - 600'!$C$31*'SatışEkibi YS-Yen. Hed - 600'!$N44*'Satış YS-Yen.Hed (Ayık) - 600'!H$2 -> 317.43 | I37: ='SatışEkibi YS-Yen. Hed - 600'!$C$31*'SatışEkibi YS-Yen. Hed - 600'!$N44*'Satış YS-Yen.Hed (Ayık) - 600'!I$2 -> 264.525 | J37: ='SatışEkibi YS-Yen. Hed - 600'!$C$31*'SatışEkibi YS-Yen. Hed - 600'!$N44*'Satış YS-Yen.Hed (Ayık) - 600'!J$2 -> 266.72938 | ... N37: ='SatışEkibi YS-Yen. Hed - 600'!$C$31*'SatışEkibi YS-Yen. Hed - 600'!$N44*'Satış YS-Yen.Hed (Ayık) - 600'!N$2 -> 381.35688 | O37: =SUM(C37:N37) -> 3527 | Q37: =A37 -> Stokbar | R37: =B37 -> Yenileme | S37: =SUM(C37:E37) -> 789.16625 | T37: =SUM(F37:H37) -> 877.34125 | U37: =SUM(I37:K37) -> 813.41438 | V37: =SUM(L37:N37) -> 1047.0781 | W37: =SUM(S37:V37) -> 3527
A38: Quest | B38: Yeni Satış | C38: ='SatışEkibi YS-Yen. Hed - 600'!$D$31*'SatışEkibi YS-Yen. Hed - 600'!$O43*'Satış YS-Yen.Hed (Ayık) - 600'!C$2 -> 142.5 | D38: ='SatışEkibi YS-Yen. Hed - 600'!$D$31*'SatışEkibi YS-Yen. Hed - 600'!$O43*'Satış YS-Yen.Hed (Ayık) - 600'!D$2 -> 142.5 | E38: ='SatışEkibi YS-Yen. Hed - 600'!$D$31*'SatışEkibi YS-Yen. Hed - 600'!$O43*'Satış YS-Yen.Hed (Ayık) - 600'!E$2 -> 162.5 | F38: ='SatışEkibi YS-Yen. Hed - 600'!$D$31*'SatışEkibi YS-Yen. Hed - 600'!$O43*'Satış YS-Yen.Hed (Ayık) - 600'!F$2 -> 158.75 | G38: ='SatışEkibi YS-Yen. Hed - 600'!$D$31*'SatışEkibi YS-Yen. Hed - 600'!$O43*'Satış YS-Yen.Hed (Ayık) - 600'!G$2 -> 158.75 | H38: ='SatışEkibi YS-Yen. Hed - 600'!$D$31*'SatışEkibi YS-Yen. Hed - 600'!$O43*'Satış YS-Yen.Hed (Ayık) - 600'!H$2 -> 180 | I38: ='SatışEkibi YS-Yen. Hed - 600'!$D$31*'SatışEkibi YS-Yen. Hed - 600'!$O43*'Satış YS-Yen.Hed (Ayık) - 600'!I$2 -> 150 | J38: ='SatışEkibi YS-Yen. Hed - 600'!$D$31*'SatışEkibi YS-Yen. Hed - 600'!$O43*'Satış YS-Yen.Hed (Ayık) - 600'!J$2 -> 151.25 | ... N38: ='SatışEkibi YS-Yen. Hed - 600'!$D$31*'SatışEkibi YS-Yen. Hed - 600'!$O43*'Satış YS-Yen.Hed (Ayık) - 600'!N$2 -> 216.25 | O38: =SUM(C38:N38) -> 2000 | Q38: =A38 -> Quest | R38: =B38 -> Yeni Satış | S38: =SUM(C38:E38) -> 447.5 | T38: =SUM(F38:H38) -> 497.5 | U38: =SUM(I38:K38) -> 461.25 | V38: =SUM(L38:N38) -> 593.75 | W38: =SUM(S38:V38) -> 2000
A39: Quest | B39: Yenileme | C39: ='SatışEkibi YS-Yen. Hed - 600'!$D$31*'SatışEkibi YS-Yen. Hed - 600'!$O44*'Satış YS-Yen.Hed (Ayık) - 600'!C$2 -> 229.06875 | D39: ='SatışEkibi YS-Yen. Hed - 600'!$D$31*'SatışEkibi YS-Yen. Hed - 600'!$O44*'Satış YS-Yen.Hed (Ayık) - 600'!D$2 -> 229.06875 | E39: ='SatışEkibi YS-Yen. Hed - 600'!$D$31*'SatışEkibi YS-Yen. Hed - 600'!$O44*'Satış YS-Yen.Hed (Ayık) - 600'!E$2 -> 261.21875 | F39: ='SatışEkibi YS-Yen. Hed - 600'!$D$31*'SatışEkibi YS-Yen. Hed - 600'!$O44*'Satış YS-Yen.Hed (Ayık) - 600'!F$2 -> 255.19063 | G39: ='SatışEkibi YS-Yen. Hed - 600'!$D$31*'SatışEkibi YS-Yen. Hed - 600'!$O44*'Satış YS-Yen.Hed (Ayık) - 600'!G$2 -> 255.19063 | H39: ='SatışEkibi YS-Yen. Hed - 600'!$D$31*'SatışEkibi YS-Yen. Hed - 600'!$O44*'Satış YS-Yen.Hed (Ayık) - 600'!H$2 -> 289.35 | I39: ='SatışEkibi YS-Yen. Hed - 600'!$D$31*'SatışEkibi YS-Yen. Hed - 600'!$O44*'Satış YS-Yen.Hed (Ayık) - 600'!I$2 -> 241.125 | J39: ='SatışEkibi YS-Yen. Hed - 600'!$D$31*'SatışEkibi YS-Yen. Hed - 600'!$O44*'Satış YS-Yen.Hed (Ayık) - 600'!J$2 -> 243.13438 | ... N39: ='SatışEkibi YS-Yen. Hed - 600'!$D$31*'SatışEkibi YS-Yen. Hed - 600'!$O44*'Satış YS-Yen.Hed (Ayık) - 600'!N$2 -> 347.62187 | O39: =SUM(C39:N39) -> 3215 | Q39: =A39 -> Quest | R39: =B39 -> Yenileme | S39: =SUM(C39:E39) -> 719.35625 | T39: =SUM(F39:H39) -> 799.73125 | U39: =SUM(I39:K39) -> 741.45937 | V39: =SUM(L39:N39) -> 954.45312 | W39: =SUM(S39:V39) -> 3215
A40: ServiceCore | B40: Yeni Satış | C40: ='SatışEkibi YS-Yen. Hed - 600'!$E$31*'SatışEkibi YS-Yen. Hed - 600'!$P43*'Satış YS-Yen.Hed (Ayık) - 600'!C$2 -> 1798.8636 | D40: ='SatışEkibi YS-Yen. Hed - 600'!$E$31*'SatışEkibi YS-Yen. Hed - 600'!$P43*'Satış YS-Yen.Hed (Ayık) - 600'!D$2 -> 1798.8636 | E40: ='SatışEkibi YS-Yen. Hed - 600'!$E$31*'SatışEkibi YS-Yen. Hed - 600'!$P43*'Satış YS-Yen.Hed (Ayık) - 600'!E$2 -> 2051.3357 | F40: ='SatışEkibi YS-Yen. Hed - 600'!$E$31*'SatışEkibi YS-Yen. Hed - 600'!$P43*'Satış YS-Yen.Hed (Ayık) - 600'!F$2 -> 2003.9971 | G40: ='SatışEkibi YS-Yen. Hed - 600'!$E$31*'SatışEkibi YS-Yen. Hed - 600'!$P43*'Satış YS-Yen.Hed (Ayık) - 600'!G$2 -> 2003.9971 | H40: ='SatışEkibi YS-Yen. Hed - 600'!$E$31*'SatışEkibi YS-Yen. Hed - 600'!$P43*'Satış YS-Yen.Hed (Ayık) - 600'!H$2 -> 2272.2487 | I40: ='SatışEkibi YS-Yen. Hed - 600'!$E$31*'SatışEkibi YS-Yen. Hed - 600'!$P43*'Satış YS-Yen.Hed (Ayık) - 600'!I$2 -> 1893.5406 | J40: ='SatışEkibi YS-Yen. Hed - 600'!$E$31*'SatışEkibi YS-Yen. Hed - 600'!$P43*'Satış YS-Yen.Hed (Ayık) - 600'!J$2 -> 1909.3201 | ... N40: ='SatışEkibi YS-Yen. Hed - 600'!$E$31*'SatışEkibi YS-Yen. Hed - 600'!$P43*'Satış YS-Yen.Hed (Ayık) - 600'!N$2 -> 2729.8544 | O40: =SUM(C40:N40) -> 25247.208 | Q40: =A40 -> ServiceCore | R40: =B40 -> Yeni Satış | S40: =SUM(C40:E40) -> 5649.0628 | T40: =SUM(F40:H40) -> 6280.243 | U40: =SUM(I40:K40) -> 5822.6373 | V40: =SUM(L40:N40) -> 7495.2649 | W40: =SUM(S40:V40) -> 25247.208
A41: ServiceCore | B41: Yenileme | C41: ='SatışEkibi YS-Yen. Hed - 600'!$E$31*'SatışEkibi YS-Yen. Hed - 600'!$P44*'Satış YS-Yen.Hed (Ayık) - 600'!C$2 -> 25.861743 | D41: ='SatışEkibi YS-Yen. Hed - 600'!$E$31*'SatışEkibi YS-Yen. Hed - 600'!$P44*'Satış YS-Yen.Hed (Ayık) - 600'!D$2 -> 25.861743 | E41: ='SatışEkibi YS-Yen. Hed - 600'!$E$31*'SatışEkibi YS-Yen. Hed - 600'!$P44*'Satış YS-Yen.Hed (Ayık) - 600'!E$2 -> 29.491461 | F41: ='SatışEkibi YS-Yen. Hed - 600'!$E$31*'SatışEkibi YS-Yen. Hed - 600'!$P44*'Satış YS-Yen.Hed (Ayık) - 600'!F$2 -> 28.810889 | G41: ='SatışEkibi YS-Yen. Hed - 600'!$E$31*'SatışEkibi YS-Yen. Hed - 600'!$P44*'Satış YS-Yen.Hed (Ayık) - 600'!G$2 -> 28.810889 | H41: ='SatışEkibi YS-Yen. Hed - 600'!$E$31*'SatışEkibi YS-Yen. Hed - 600'!$P44*'Satış YS-Yen.Hed (Ayık) - 600'!H$2 -> 32.667464 | I41: ='SatışEkibi YS-Yen. Hed - 600'!$E$31*'SatışEkibi YS-Yen. Hed - 600'!$P44*'Satış YS-Yen.Hed (Ayık) - 600'!I$2 -> 27.222887 | J41: ='SatışEkibi YS-Yen. Hed - 600'!$E$31*'SatışEkibi YS-Yen. Hed - 600'!$P44*'Satış YS-Yen.Hed (Ayık) - 600'!J$2 -> 27.449744 | ... N41: ='SatışEkibi YS-Yen. Hed - 600'!$E$31*'SatışEkibi YS-Yen. Hed - 600'!$P44*'Satış YS-Yen.Hed (Ayık) - 600'!N$2 -> 39.246329 | O41: =SUM(C41:N41) -> 362.97182 | Q41: =A41 -> ServiceCore | R41: =B41 -> Yenileme | S41: =SUM(C41:E41) -> 81.214946 | T41: =SUM(F41:H41) -> 90.289241 | U41: =SUM(I41:K41) -> 83.710377 | V41: =SUM(L41:N41) -> 107.75726 | W41: =SUM(S41:V41) -> 362.97182
A42: Varuna | B42: Yeni Satış | C42: ='SatışEkibi YS-Yen. Hed - 600'!$F$31*'SatışEkibi YS-Yen. Hed - 600'!$Q43*'Satış YS-Yen.Hed (Ayık) - 600'!C$2 -> 78.375 | D42: ='SatışEkibi YS-Yen. Hed - 600'!$F$31*'SatışEkibi YS-Yen. Hed - 600'!$Q43*'Satış YS-Yen.Hed (Ayık) - 600'!D$2 -> 78.375 | E42: ='SatışEkibi YS-Yen. Hed - 600'!$F$31*'SatışEkibi YS-Yen. Hed - 600'!$Q43*'Satış YS-Yen.Hed (Ayık) - 600'!E$2 -> 89.375 | F42: ='SatışEkibi YS-Yen. Hed - 600'!$F$31*'SatışEkibi YS-Yen. Hed - 600'!$Q43*'Satış YS-Yen.Hed (Ayık) - 600'!F$2 -> 87.3125 | G42: ='SatışEkibi YS-Yen. Hed - 600'!$F$31*'SatışEkibi YS-Yen. Hed - 600'!$Q43*'Satış YS-Yen.Hed (Ayık) - 600'!G$2 -> 87.3125 | H42: ='SatışEkibi YS-Yen. Hed - 600'!$F$31*'SatışEkibi YS-Yen. Hed - 600'!$Q43*'Satış YS-Yen.Hed (Ayık) - 600'!H$2 -> 99 | I42: ='SatışEkibi YS-Yen. Hed - 600'!$F$31*'SatışEkibi YS-Yen. Hed - 600'!$Q43*'Satış YS-Yen.Hed (Ayık) - 600'!I$2 -> 82.5 | J42: ='SatışEkibi YS-Yen. Hed - 600'!$F$31*'SatışEkibi YS-Yen. Hed - 600'!$Q43*'Satış YS-Yen.Hed (Ayık) - 600'!J$2 -> 83.1875 | ... N42: ='SatışEkibi YS-Yen. Hed - 600'!$F$31*'SatışEkibi YS-Yen. Hed - 600'!$Q43*'Satış YS-Yen.Hed (Ayık) - 600'!N$2 -> 118.9375 | O42: =SUM(C42:N42) -> 1100 | Q42: =A42 -> Varuna | R42: =B42 -> Yeni Satış | S42: =SUM(C42:E42) -> 246.125 | T42: =SUM(F42:H42) -> 273.625 | U42: =SUM(I42:K42) -> 253.6875 | V42: =SUM(L42:N42) -> 326.5625 | W42: =SUM(S42:V42) -> 1100
A43: Hosting | B43: Yeni Satış | C43: ='SatışEkibi YS-Yen. Hed - 600'!$G$31*'SatışEkibi YS-Yen. Hed - 600'!$R43*'Satış YS-Yen.Hed (Ayık) - 600'!C$2 -> 71.25 | D43: ='SatışEkibi YS-Yen. Hed - 600'!$G$31*'SatışEkibi YS-Yen. Hed - 600'!$R43*'Satış YS-Yen.Hed (Ayık) - 600'!D$2 -> 71.25 | E43: ='SatışEkibi YS-Yen. Hed - 600'!$G$31*'SatışEkibi YS-Yen. Hed - 600'!$R43*'Satış YS-Yen.Hed (Ayık) - 600'!E$2 -> 81.25 | F43: ='SatışEkibi YS-Yen. Hed - 600'!$G$31*'SatışEkibi YS-Yen. Hed - 600'!$R43*'Satış YS-Yen.Hed (Ayık) - 600'!F$2 -> 79.375 | G43: ='SatışEkibi YS-Yen. Hed - 600'!$G$31*'SatışEkibi YS-Yen. Hed - 600'!$R43*'Satış YS-Yen.Hed (Ayık) - 600'!G$2 -> 79.375 | H43: ='SatışEkibi YS-Yen. Hed - 600'!$G$31*'SatışEkibi YS-Yen. Hed - 600'!$R43*'Satış YS-Yen.Hed (Ayık) - 600'!H$2 -> 90 | I43: ='SatışEkibi YS-Yen. Hed - 600'!$G$31*'SatışEkibi YS-Yen. Hed - 600'!$R43*'Satış YS-Yen.Hed (Ayık) - 600'!I$2 -> 75 | J43: ='SatışEkibi YS-Yen. Hed - 600'!$G$31*'SatışEkibi YS-Yen. Hed - 600'!$R43*'Satış YS-Yen.Hed (Ayık) - 600'!J$2 -> 75.625 | ... N43: ='SatışEkibi YS-Yen. Hed - 600'!$G$31*'SatışEkibi YS-Yen. Hed - 600'!$R43*'Satış YS-Yen.Hed (Ayık) - 600'!N$2 -> 108.125 | O43: =SUM(C43:N43) -> 1000 | Q43: =A43 -> Hosting | R43: =B43 -> Yeni Satış | S43: =SUM(C43:E43) -> 223.75 | T43: =SUM(F43:H43) -> 248.75 | U43: =SUM(I43:K43) -> 230.625 | V43: =SUM(L43:N43) -> 296.875 | W43: =SUM(S43:V43) -> 1000
A44: Hosting | B44: Yenileme | C44: ='SatışEkibi YS-Yen. Hed - 600'!$G$31*'SatışEkibi YS-Yen. Hed - 600'!$R44*'Satış YS-Yen.Hed (Ayık) - 600'!C$2 -> 301.1025 | D44: ='SatışEkibi YS-Yen. Hed - 600'!$G$31*'SatışEkibi YS-Yen. Hed - 600'!$R44*'Satış YS-Yen.Hed (Ayık) - 600'!D$2 -> 301.1025 | E44: ='SatışEkibi YS-Yen. Hed - 600'!$G$31*'SatışEkibi YS-Yen. Hed - 600'!$R44*'Satış YS-Yen.Hed (Ayık) - 600'!E$2 -> 343.3625 | F44: ='SatışEkibi YS-Yen. Hed - 600'!$G$31*'SatışEkibi YS-Yen. Hed - 600'!$R44*'Satış YS-Yen.Hed (Ayık) - 600'!F$2 -> 335.43875 | G44: ='SatışEkibi YS-Yen. Hed - 600'!$G$31*'SatışEkibi YS-Yen. Hed - 600'!$R44*'Satış YS-Yen.Hed (Ayık) - 600'!G$2 -> 335.43875 | H44: ='SatışEkibi YS-Yen. Hed - 600'!$G$31*'SatışEkibi YS-Yen. Hed - 600'!$R44*'Satış YS-Yen.Hed (Ayık) - 600'!H$2 -> 380.34 | I44: ='SatışEkibi YS-Yen. Hed - 600'!$G$31*'SatışEkibi YS-Yen. Hed - 600'!$R44*'Satış YS-Yen.Hed (Ayık) - 600'!I$2 -> 316.95 | J44: ='SatışEkibi YS-Yen. Hed - 600'!$G$31*'SatışEkibi YS-Yen. Hed - 600'!$R44*'Satış YS-Yen.Hed (Ayık) - 600'!J$2 -> 319.59125 | ... N44: ='SatışEkibi YS-Yen. Hed - 600'!$G$31*'SatışEkibi YS-Yen. Hed - 600'!$R44*'Satış YS-Yen.Hed (Ayık) - 600'!N$2 -> 456.93625 | O44: =SUM(C44:N44) -> 4226 | Q44: =A44 -> Hosting | R44: =B44 -> Yenileme | S44: =SUM(C44:E44) -> 945.5675 | T44: =SUM(F44:H44) -> 1051.2175 | U44: =SUM(I44:K44) -> 974.62125 | V44: =SUM(L44:N44) -> 1254.5938 | W44: =SUM(S44:V44) -> 4226
A45: BFH | B45: Yeni Satış | C45: ='SatışEkibi YS-Yen. Hed - 600'!$I$31*'SatışEkibi YS-Yen. Hed - 600'!$T43*'Satış YS-Yen.Hed (Ayık) - 600'!C$2 -> 213.75 | D45: ='SatışEkibi YS-Yen. Hed - 600'!$I$31*'SatışEkibi YS-Yen. Hed - 600'!$T43*'Satış YS-Yen.Hed (Ayık) - 600'!D$2 -> 213.75 | E45: ='SatışEkibi YS-Yen. Hed - 600'!$I$31*'SatışEkibi YS-Yen. Hed - 600'!$T43*'Satış YS-Yen.Hed (Ayık) - 600'!E$2 -> 243.75 | F45: ='SatışEkibi YS-Yen. Hed - 600'!$I$31*'SatışEkibi YS-Yen. Hed - 600'!$T43*'Satış YS-Yen.Hed (Ayık) - 600'!F$2 -> 238.125 | G45: ='SatışEkibi YS-Yen. Hed - 600'!$I$31*'SatışEkibi YS-Yen. Hed - 600'!$T43*'Satış YS-Yen.Hed (Ayık) - 600'!G$2 -> 238.125 | H45: ='SatışEkibi YS-Yen. Hed - 600'!$I$31*'SatışEkibi YS-Yen. Hed - 600'!$T43*'Satış YS-Yen.Hed (Ayık) - 600'!H$2 -> 270 | I45: ='SatışEkibi YS-Yen. Hed - 600'!$I$31*'SatışEkibi YS-Yen. Hed - 600'!$T43*'Satış YS-Yen.Hed (Ayık) - 600'!I$2 -> 225 | J45: ='SatışEkibi YS-Yen. Hed - 600'!$I$31*'SatışEkibi YS-Yen. Hed - 600'!$T43*'Satış YS-Yen.Hed (Ayık) - 600'!J$2 -> 226.875 | ... N45: ='SatışEkibi YS-Yen. Hed - 600'!$I$31*'SatışEkibi YS-Yen. Hed - 600'!$T43*'Satış YS-Yen.Hed (Ayık) - 600'!N$2 -> 324.375 | O45: =SUM(C45:N45) -> 3000 | Q45: =A45 -> BFH | R45: =B45 -> Yeni Satış | S45: =SUM(C45:E45) -> 671.25 | T45: =SUM(F45:H45) -> 746.25 | U45: =SUM(I45:K45) -> 691.875 | V45: =SUM(L45:N45) -> 890.625 | W45: =SUM(S45:V45) -> 3000
A46: Toplam | B46: Yeni Satış | C46: =SUMIF($B$34:$B$45,"Yeni Satış",C34:C45) -> 4121.6136 | D46: =SUMIF($B$34:$B$45,"Yeni Satış",D34:D45) -> 4121.6136 | E46: =SUMIF($B$34:$B$45,"Yeni Satış",E34:E45) -> 4700.0857 | F46: =SUMIF($B$34:$B$45,"Yeni Satış",F34:F45) -> 4591.6221 | G46: =SUMIF($B$34:$B$45,"Yeni Satış",G34:G45) -> 4591.6221 | H46: =SUMIF($B$34:$B$45,"Yeni Satış",H34:H45) -> 5206.2487 | I46: =SUMIF($B$34:$B$45,"Yeni Satış",I34:I45) -> 4338.5406 | J46: =SUMIF($B$34:$B$45,"Yeni Satış",J34:J45) -> 4374.6951 | ... N46: =SUMIF($B$34:$B$45,"Yeni Satış",N34:N45) -> 6254.7294 | O46: =SUMIF(B34:B45,"Yeni Satış",O34:O45) -> 57847.208 | Q46: Toplam | R46: =B46 -> Yeni Satış | S46: =SUMIF(R34:R45,"Yeni Satış",S34:S45) -> 12943.313 | T46: =SUMIF(R34:R45,"Yeni Satış",T34:T45) -> 14389.493 | U46: =SUMIF(R34:R45,"Yeni Satış",U34:U45) -> 13341.012 | V46: =SUMIF(R34:R45,"Yeni Satış",V34:V45) -> 17173.39 | W46: =SUM(S46:V46) -> 57847.208
A47: Toplam | B47: Yenileme | C47: =SUMIF($B$34:$B$45,"Yenileme",C34:C46) -> 2588.5817 | D47: =SUMIF($B$34:$B$45,"Yenileme",D34:D46) -> 2588.5817 | E47: =SUMIF($B$34:$B$45,"Yenileme",E34:E46) -> 2951.8915 | F47: =SUMIF($B$34:$B$45,"Yenileme",F34:F46) -> 2883.7709 | G47: =SUMIF($B$34:$B$45,"Yenileme",G34:G46) -> 2883.7709 | H47: =SUMIF($B$34:$B$45,"Yenileme",H34:H46) -> 3269.7875 | I47: =SUMIF($B$34:$B$45,"Yenileme",I34:I46) -> 2724.8229 | J47: =SUMIF($B$34:$B$45,"Yenileme",J34:J46) -> 2747.5297 | ... N47: =SUMIF($B$34:$B$45,"Yenileme",N34:N46) -> 3928.2863 | O47: =SUMIF(B34:B45,"Yenileme",O34:O45) -> 36330.972 | Q47: Toplam | R47: =B47 -> Yenileme | S47: =SUMIF(R34:R45,"Yenileme",S34:S45) -> 8129.0549 | T47: =SUMIF(R34:R45,"Yenileme",T34:T45) -> 9037.3292 | U47: =SUMIF(R34:R45,"Yenileme",U34:U45) -> 8378.8304 | V47: =SUMIF(R34:R45,"Yenileme",V34:V45) -> 10785.757 | W47: =SUM(S47:V47) -> 36330.972
A48: Genel Toplam | B48: YS + Yen. | C48: =SUM(C46:C47) -> 6710.1953 | D48: =SUM(D46:D47) -> 6710.1953 | E48: =SUM(E46:E47) -> 7651.9771 | F48: =SUM(F46:F47) -> 7475.393 | G48: =SUM(G46:G47) -> 7475.393 | H48: =SUM(H46:H47) -> 8476.0362 | I48: =SUM(I46:I47) -> 7063.3635 | J48: =SUM(J46:J47) -> 7122.2248 | ... N48: =SUM(N46:N47) -> 10183.016 | O48: =O46+O47 -> 94178.18 | Q48: Genel Toplam | R48: =B48 -> YS + Yen. | S48: =S46+S47 -> 21072.368 | T48: =T46+T47 -> 23426.822 | U48: =U46+U47 -> 21719.843 | V48: =V46+V47 -> 27959.147 | W48: =W46+W47 -> 94178.18
A50: Özge Güler - (Nigar Uygun) — Direkt Satış | C50: Oca | D50: Şub | E50: Mar | F50: Nis | G50: May | H50: Haz | I50: Tem | J50: Ağu | K50: Eyl | L50: Eki | M50: Kas | N50: Ara | O50: Yıllık Toplam | Q50: =A50 -> Özge Güler - (Nigar Uygun) — Direkt Satış | S50: Q1 | T50: Q2 | U50: Q3 | V50: Q4 | W50: Yıllık Toplam
A51: Enroute | B51: Yeni Satış | C51: ='SatışEkibi YS-Yen. Hed - 600'!$B$31*'SatışEkibi YS-Yen. Hed - 600'!$M46*'Satış YS-Yen.Hed (Ayık) - 600'!C$2 -> 356.25 | D51: ='SatışEkibi YS-Yen. Hed - 600'!$B$31*'SatışEkibi YS-Yen. Hed - 600'!$M46*'Satış YS-Yen.Hed (Ayık) - 600'!D$2 -> 356.25 | E51: ='SatışEkibi YS-Yen. Hed - 600'!$B$31*'SatışEkibi YS-Yen. Hed - 600'!$M46*'Satış YS-Yen.Hed (Ayık) - 600'!E$2 -> 406.25 | F51: ='SatışEkibi YS-Yen. Hed - 600'!$B$31*'SatışEkibi YS-Yen. Hed - 600'!$M46*'Satış YS-Yen.Hed (Ayık) - 600'!F$2 -> 396.875 | G51: ='SatışEkibi YS-Yen. Hed - 600'!$B$31*'SatışEkibi YS-Yen. Hed - 600'!$M46*'Satış YS-Yen.Hed (Ayık) - 600'!G$2 -> 396.875 | H51: ='SatışEkibi YS-Yen. Hed - 600'!$B$31*'SatışEkibi YS-Yen. Hed - 600'!$M46*'Satış YS-Yen.Hed (Ayık) - 600'!H$2 -> 450 | I51: ='SatışEkibi YS-Yen. Hed - 600'!$B$31*'SatışEkibi YS-Yen. Hed - 600'!$M46*'Satış YS-Yen.Hed (Ayık) - 600'!I$2 -> 375 | J51: ='SatışEkibi YS-Yen. Hed - 600'!$B$31*'SatışEkibi YS-Yen. Hed - 600'!$M46*'Satış YS-Yen.Hed (Ayık) - 600'!J$2 -> 378.125 | ... N51: ='SatışEkibi YS-Yen. Hed - 600'!$B$31*'SatışEkibi YS-Yen. Hed - 600'!$M46*'Satış YS-Yen.Hed (Ayık) - 600'!N$2 -> 540.625 | O51: =SUM(C51:N51) -> 5000 | Q51: =A51 -> Enroute | R51: =B51 -> Yeni Satış | S51: =SUM(C51:E51) -> 1118.75 | T51: =SUM(F51:H51) -> 1243.75 | U51: =SUM(I51:K51) -> 1153.125 | V51: =SUM(L51:N51) -> 1484.375 | W51: =SUM(S51:V51) -> 5000
A52: Enroute | B52: Yenileme | C52: ='SatışEkibi YS-Yen. Hed - 600'!$B$31*'SatışEkibi YS-Yen. Hed - 600'!$M47*'Satış YS-Yen.Hed (Ayık) - 600'!C$2 -> 623.4375 | D52: ='SatışEkibi YS-Yen. Hed - 600'!$B$31*'SatışEkibi YS-Yen. Hed - 600'!$M47*'Satış YS-Yen.Hed (Ayık) - 600'!D$2 -> 623.4375 | E52: ='SatışEkibi YS-Yen. Hed - 600'!$B$31*'SatışEkibi YS-Yen. Hed - 600'!$M47*'Satış YS-Yen.Hed (Ayık) - 600'!E$2 -> 710.9375 | F52: ='SatışEkibi YS-Yen. Hed - 600'!$B$31*'SatışEkibi YS-Yen. Hed - 600'!$M47*'Satış YS-Yen.Hed (Ayık) - 600'!F$2 -> 694.53125 | G52: ='SatışEkibi YS-Yen. Hed - 600'!$B$31*'SatışEkibi YS-Yen. Hed - 600'!$M47*'Satış YS-Yen.Hed (Ayık) - 600'!G$2 -> 694.53125 | H52: ='SatışEkibi YS-Yen. Hed - 600'!$B$31*'SatışEkibi YS-Yen. Hed - 600'!$M47*'Satış YS-Yen.Hed (Ayık) - 600'!H$2 -> 787.5 | I52: ='SatışEkibi YS-Yen. Hed - 600'!$B$31*'SatışEkibi YS-Yen. Hed - 600'!$M47*'Satış YS-Yen.Hed (Ayık) - 600'!I$2 -> 656.25 | J52: ='SatışEkibi YS-Yen. Hed - 600'!$B$31*'SatışEkibi YS-Yen. Hed - 600'!$M47*'Satış YS-Yen.Hed (Ayık) - 600'!J$2 -> 661.71875 | ... N52: ='SatışEkibi YS-Yen. Hed - 600'!$B$31*'SatışEkibi YS-Yen. Hed - 600'!$M47*'Satış YS-Yen.Hed (Ayık) - 600'!N$2 -> 946.09375 | O52: =SUM(C52:N52) -> 8750 | Q52: =A52 -> Enroute | R52: =B52 -> Yenileme | S52: =SUM(C52:E52) -> 1957.8125 | T52: =SUM(F52:H52) -> 2176.5625 | U52: =SUM(I52:K52) -> 2017.9688 | V52: =SUM(L52:N52) -> 2597.6562 | W52: =SUM(S52:V52) -> 8750
A53: Stokbar | B53: Yeni Satış | C53: ='SatışEkibi YS-Yen. Hed - 600'!$C$31*'SatışEkibi YS-Yen. Hed - 600'!$N46*'Satış YS-Yen.Hed (Ayık) - 600'!C$2 -> 224.58 | D53: ='SatışEkibi YS-Yen. Hed - 600'!$C$31*'SatışEkibi YS-Yen. Hed - 600'!$N46*'Satış YS-Yen.Hed (Ayık) - 600'!D$2 -> 224.58 | E53: ='SatışEkibi YS-Yen. Hed - 600'!$C$31*'SatışEkibi YS-Yen. Hed - 600'!$N46*'Satış YS-Yen.Hed (Ayık) - 600'!E$2 -> 256.1 | F53: ='SatışEkibi YS-Yen. Hed - 600'!$C$31*'SatışEkibi YS-Yen. Hed - 600'!$N46*'Satış YS-Yen.Hed (Ayık) - 600'!F$2 -> 250.19 | G53: ='SatışEkibi YS-Yen. Hed - 600'!$C$31*'SatışEkibi YS-Yen. Hed - 600'!$N46*'Satış YS-Yen.Hed (Ayık) - 600'!G$2 -> 250.19 | H53: ='SatışEkibi YS-Yen. Hed - 600'!$C$31*'SatışEkibi YS-Yen. Hed - 600'!$N46*'Satış YS-Yen.Hed (Ayık) - 600'!H$2 -> 283.68 | I53: ='SatışEkibi YS-Yen. Hed - 600'!$C$31*'SatışEkibi YS-Yen. Hed - 600'!$N46*'Satış YS-Yen.Hed (Ayık) - 600'!I$2 -> 236.4 | J53: ='SatışEkibi YS-Yen. Hed - 600'!$C$31*'SatışEkibi YS-Yen. Hed - 600'!$N46*'Satış YS-Yen.Hed (Ayık) - 600'!J$2 -> 238.37 | ... N53: ='SatışEkibi YS-Yen. Hed - 600'!$C$31*'SatışEkibi YS-Yen. Hed - 600'!$N46*'Satış YS-Yen.Hed (Ayık) - 600'!N$2 -> 340.81 | O53: =SUM(C53:N53) -> 3152 | Q53: =A53 -> Stokbar | R53: =B53 -> Yeni Satış | S53: =SUM(C53:E53) -> 705.26 | T53: =SUM(F53:H53) -> 784.06 | U53: =SUM(I53:K53) -> 726.93 | V53: =SUM(L53:N53) -> 935.75 | W53: =SUM(S53:V53) -> 3152
A54: Stokbar | B54: Yenileme | C54: ='SatışEkibi YS-Yen. Hed - 600'!$C$31*'SatışEkibi YS-Yen. Hed - 600'!$N47*'Satış YS-Yen.Hed (Ayık) - 600'!C$2 -> 128.9625 | D54: ='SatışEkibi YS-Yen. Hed - 600'!$C$31*'SatışEkibi YS-Yen. Hed - 600'!$N47*'Satış YS-Yen.Hed (Ayık) - 600'!D$2 -> 128.9625 | E54: ='SatışEkibi YS-Yen. Hed - 600'!$C$31*'SatışEkibi YS-Yen. Hed - 600'!$N47*'Satış YS-Yen.Hed (Ayık) - 600'!E$2 -> 147.0625 | F54: ='SatışEkibi YS-Yen. Hed - 600'!$C$31*'SatışEkibi YS-Yen. Hed - 600'!$N47*'Satış YS-Yen.Hed (Ayık) - 600'!F$2 -> 143.66875 | G54: ='SatışEkibi YS-Yen. Hed - 600'!$C$31*'SatışEkibi YS-Yen. Hed - 600'!$N47*'Satış YS-Yen.Hed (Ayık) - 600'!G$2 -> 143.66875 | H54: ='SatışEkibi YS-Yen. Hed - 600'!$C$31*'SatışEkibi YS-Yen. Hed - 600'!$N47*'Satış YS-Yen.Hed (Ayık) - 600'!H$2 -> 162.9 | I54: ='SatışEkibi YS-Yen. Hed - 600'!$C$31*'SatışEkibi YS-Yen. Hed - 600'!$N47*'Satış YS-Yen.Hed (Ayık) - 600'!I$2 -> 135.75 | J54: ='SatışEkibi YS-Yen. Hed - 600'!$C$31*'SatışEkibi YS-Yen. Hed - 600'!$N47*'Satış YS-Yen.Hed (Ayık) - 600'!J$2 -> 136.88125 | ... N54: ='SatışEkibi YS-Yen. Hed - 600'!$C$31*'SatışEkibi YS-Yen. Hed - 600'!$N47*'Satış YS-Yen.Hed (Ayık) - 600'!N$2 -> 195.70625 | O54: =SUM(C54:N54) -> 1810 | Q54: =A54 -> Stokbar | R54: =B54 -> Yenileme | S54: =SUM(C54:E54) -> 404.9875 | T54: =SUM(F54:H54) -> 450.2375 | U54: =SUM(I54:K54) -> 417.43125 | V54: =SUM(L54:N54) -> 537.34375 | W54: =SUM(S54:V54) -> 1810
A55: Quest | B55: Yeni Satış | C55: ='SatışEkibi YS-Yen. Hed - 600'!$D$31*'SatışEkibi YS-Yen. Hed - 600'!$O46*'Satış YS-Yen.Hed (Ayık) - 600'!C$2 -> 267.9 | D55: ='SatışEkibi YS-Yen. Hed - 600'!$D$31*'SatışEkibi YS-Yen. Hed - 600'!$O46*'Satış YS-Yen.Hed (Ayık) - 600'!D$2 -> 267.9 | E55: ='SatışEkibi YS-Yen. Hed - 600'!$D$31*'SatışEkibi YS-Yen. Hed - 600'!$O46*'Satış YS-Yen.Hed (Ayık) - 600'!E$2 -> 305.5 | F55: ='SatışEkibi YS-Yen. Hed - 600'!$D$31*'SatışEkibi YS-Yen. Hed - 600'!$O46*'Satış YS-Yen.Hed (Ayık) - 600'!F$2 -> 298.45 | G55: ='SatışEkibi YS-Yen. Hed - 600'!$D$31*'SatışEkibi YS-Yen. Hed - 600'!$O46*'Satış YS-Yen.Hed (Ayık) - 600'!G$2 -> 298.45 | H55: ='SatışEkibi YS-Yen. Hed - 600'!$D$31*'SatışEkibi YS-Yen. Hed - 600'!$O46*'Satış YS-Yen.Hed (Ayık) - 600'!H$2 -> 338.4 | I55: ='SatışEkibi YS-Yen. Hed - 600'!$D$31*'SatışEkibi YS-Yen. Hed - 600'!$O46*'Satış YS-Yen.Hed (Ayık) - 600'!I$2 -> 282 | J55: ='SatışEkibi YS-Yen. Hed - 600'!$D$31*'SatışEkibi YS-Yen. Hed - 600'!$O46*'Satış YS-Yen.Hed (Ayık) - 600'!J$2 -> 284.35 | ... N55: ='SatışEkibi YS-Yen. Hed - 600'!$D$31*'SatışEkibi YS-Yen. Hed - 600'!$O46*'Satış YS-Yen.Hed (Ayık) - 600'!N$2 -> 406.55 | O55: =SUM(C55:N55) -> 3760 | Q55: =A55 -> Quest | R55: =B55 -> Yeni Satış | S55: =SUM(C55:E55) -> 841.3 | T55: =SUM(F55:H55) -> 935.3 | U55: =SUM(I55:K55) -> 867.15 | V55: =SUM(L55:N55) -> 1116.25 | W55: =SUM(S55:V55) -> 3760
A56: Quest | B56: Yenileme | C56: ='SatışEkibi YS-Yen. Hed - 600'!$D$31*'SatışEkibi YS-Yen. Hed - 600'!$O47*'Satış YS-Yen.Hed (Ayık) - 600'!C$2 -> 78.375 | D56: ='SatışEkibi YS-Yen. Hed - 600'!$D$31*'SatışEkibi YS-Yen. Hed - 600'!$O47*'Satış YS-Yen.Hed (Ayık) - 600'!D$2 -> 78.375 | E56: ='SatışEkibi YS-Yen. Hed - 600'!$D$31*'SatışEkibi YS-Yen. Hed - 600'!$O47*'Satış YS-Yen.Hed (Ayık) - 600'!E$2 -> 89.375 | F56: ='SatışEkibi YS-Yen. Hed - 600'!$D$31*'SatışEkibi YS-Yen. Hed - 600'!$O47*'Satış YS-Yen.Hed (Ayık) - 600'!F$2 -> 87.3125 | G56: ='SatışEkibi YS-Yen. Hed - 600'!$D$31*'SatışEkibi YS-Yen. Hed - 600'!$O47*'Satış YS-Yen.Hed (Ayık) - 600'!G$2 -> 87.3125 | H56: ='SatışEkibi YS-Yen. Hed - 600'!$D$31*'SatışEkibi YS-Yen. Hed - 600'!$O47*'Satış YS-Yen.Hed (Ayık) - 600'!H$2 -> 99 | I56: ='SatışEkibi YS-Yen. Hed - 600'!$D$31*'SatışEkibi YS-Yen. Hed - 600'!$O47*'Satış YS-Yen.Hed (Ayık) - 600'!I$2 -> 82.5 | J56: ='SatışEkibi YS-Yen. Hed - 600'!$D$31*'SatışEkibi YS-Yen. Hed - 600'!$O47*'Satış YS-Yen.Hed (Ayık) - 600'!J$2 -> 83.1875 | ... N56: ='SatışEkibi YS-Yen. Hed - 600'!$D$31*'SatışEkibi YS-Yen. Hed - 600'!$O47*'Satış YS-Yen.Hed (Ayık) - 600'!N$2 -> 118.9375 | O56: =SUM(C56:N56) -> 1100 | Q56: =A56 -> Quest | R56: =B56 -> Yenileme | S56: =SUM(C56:E56) -> 246.125 | T56: =SUM(F56:H56) -> 273.625 | U56: =SUM(I56:K56) -> 253.6875 | V56: =SUM(L56:N56) -> 326.5625 | W56: =SUM(S56:V56) -> 1100
A57: Varuna | B57: Yeni Satış | C57: ='SatışEkibi YS-Yen. Hed - 600'!$F$31*'SatışEkibi YS-Yen. Hed - 600'!$Q46*'Satış YS-Yen.Hed (Ayık) - 600'!C$2 -> 35.625 | D57: ='SatışEkibi YS-Yen. Hed - 600'!$F$31*'SatışEkibi YS-Yen. Hed - 600'!$Q46*'Satış YS-Yen.Hed (Ayık) - 600'!D$2 -> 35.625 | E57: ='SatışEkibi YS-Yen. Hed - 600'!$F$31*'SatışEkibi YS-Yen. Hed - 600'!$Q46*'Satış YS-Yen.Hed (Ayık) - 600'!E$2 -> 40.625 | F57: ='SatışEkibi YS-Yen. Hed - 600'!$F$31*'SatışEkibi YS-Yen. Hed - 600'!$Q46*'Satış YS-Yen.Hed (Ayık) - 600'!F$2 -> 39.6875 | G57: ='SatışEkibi YS-Yen. Hed - 600'!$F$31*'SatışEkibi YS-Yen. Hed - 600'!$Q46*'Satış YS-Yen.Hed (Ayık) - 600'!G$2 -> 39.6875 | H57: ='SatışEkibi YS-Yen. Hed - 600'!$F$31*'SatışEkibi YS-Yen. Hed - 600'!$Q46*'Satış YS-Yen.Hed (Ayık) - 600'!H$2 -> 45 | I57: ='SatışEkibi YS-Yen. Hed - 600'!$F$31*'SatışEkibi YS-Yen. Hed - 600'!$Q46*'Satış YS-Yen.Hed (Ayık) - 600'!I$2 -> 37.5 | J57: ='SatışEkibi YS-Yen. Hed - 600'!$F$31*'SatışEkibi YS-Yen. Hed - 600'!$Q46*'Satış YS-Yen.Hed (Ayık) - 600'!J$2 -> 37.8125 | ... N57: ='SatışEkibi YS-Yen. Hed - 600'!$F$31*'SatışEkibi YS-Yen. Hed - 600'!$Q46*'Satış YS-Yen.Hed (Ayık) - 600'!N$2 -> 54.0625 | O57: =SUM(C57:N57) -> 500 | Q57: =A57 -> Varuna | R57: =B57 -> Yeni Satış | S57: =SUM(C57:E57) -> 111.875 | T57: =SUM(F57:H57) -> 124.375 | U57: =SUM(I57:K57) -> 115.3125 | V57: =SUM(L57:N57) -> 148.4375 | W57: =SUM(S57:V57) -> 500
A58: Hosting | B58: Yeni Satış | C58: ='SatışEkibi YS-Yen. Hed - 600'!$G$31*'SatışEkibi YS-Yen. Hed - 600'!$R46*'Satış YS-Yen.Hed (Ayık) - 600'!C$2 -> 71.25 | D58: ='SatışEkibi YS-Yen. Hed - 600'!$G$31*'SatışEkibi YS-Yen. Hed - 600'!$R46*'Satış YS-Yen.Hed (Ayık) - 600'!D$2 -> 71.25 | E58: ='SatışEkibi YS-Yen. Hed - 600'!$G$31*'SatışEkibi YS-Yen. Hed - 600'!$R46*'Satış YS-Yen.Hed (Ayık) - 600'!E$2 -> 81.25 | F58: ='SatışEkibi YS-Yen. Hed - 600'!$G$31*'SatışEkibi YS-Yen. Hed - 600'!$R46*'Satış YS-Yen.Hed (Ayık) - 600'!F$2 -> 79.375 | G58: ='SatışEkibi YS-Yen. Hed - 600'!$G$31*'SatışEkibi YS-Yen. Hed - 600'!$R46*'Satış YS-Yen.Hed (Ayık) - 600'!G$2 -> 79.375 | H58: ='SatışEkibi YS-Yen. Hed - 600'!$G$31*'SatışEkibi YS-Yen. Hed - 600'!$R46*'Satış YS-Yen.Hed (Ayık) - 600'!H$2 -> 90 | I58: ='SatışEkibi YS-Yen. Hed - 600'!$G$31*'SatışEkibi YS-Yen. Hed - 600'!$R46*'Satış YS-Yen.Hed (Ayık) - 600'!I$2 -> 75 | J58: ='SatışEkibi YS-Yen. Hed - 600'!$G$31*'SatışEkibi YS-Yen. Hed - 600'!$R46*'Satış YS-Yen.Hed (Ayık) - 600'!J$2 -> 75.625 | ... N58: ='SatışEkibi YS-Yen. Hed - 600'!$G$31*'SatışEkibi YS-Yen. Hed - 600'!$R46*'Satış YS-Yen.Hed (Ayık) - 600'!N$2 -> 108.125 | O58: =SUM(C58:N58) -> 1000 | Q58: =A58 -> Hosting | R58: =B58 -> Yeni Satış | S58: =SUM(C58:E58) -> 223.75 | T58: =SUM(F58:H58) -> 248.75 | U58: =SUM(I58:K58) -> 230.625 | V58: =SUM(L58:N58) -> 296.875 | W58: =SUM(S58:V58) -> 1000
A59: BFH | B59: Yeni Satış | C59: ='SatışEkibi YS-Yen. Hed - 600'!$I$31*'SatışEkibi YS-Yen. Hed - 600'!$T46*'Satış YS-Yen.Hed (Ayık) - 600'!C$2 -> 106.875 | D59: ='SatışEkibi YS-Yen. Hed - 600'!$I$31*'SatışEkibi YS-Yen. Hed - 600'!$T46*'Satış YS-Yen.Hed (Ayık) - 600'!D$2 -> 106.875 | E59: ='SatışEkibi YS-Yen. Hed - 600'!$I$31*'SatışEkibi YS-Yen. Hed - 600'!$T46*'Satış YS-Yen.Hed (Ayık) - 600'!E$2 -> 121.875 | F59: ='SatışEkibi YS-Yen. Hed - 600'!$I$31*'SatışEkibi YS-Yen. Hed - 600'!$T46*'Satış YS-Yen.Hed (Ayık) - 600'!F$2 -> 119.0625 | G59: ='SatışEkibi YS-Yen. Hed - 600'!$I$31*'SatışEkibi YS-Yen. Hed - 600'!$T46*'Satış YS-Yen.Hed (Ayık) - 600'!G$2 -> 119.0625 | H59: ='SatışEkibi YS-Yen. Hed - 600'!$I$31*'SatışEkibi YS-Yen. Hed - 600'!$T46*'Satış YS-Yen.Hed (Ayık) - 600'!H$2 -> 135 | I59: ='SatışEkibi YS-Yen. Hed - 600'!$I$31*'SatışEkibi YS-Yen. Hed - 600'!$T46*'Satış YS-Yen.Hed (Ayık) - 600'!I$2 -> 112.5 | J59: ='SatışEkibi YS-Yen. Hed - 600'!$I$31*'SatışEkibi YS-Yen. Hed - 600'!$T46*'Satış YS-Yen.Hed (Ayık) - 600'!J$2 -> 113.4375 | ... N59: ='SatışEkibi YS-Yen. Hed - 600'!$I$31*'SatışEkibi YS-Yen. Hed - 600'!$T46*'Satış YS-Yen.Hed (Ayık) - 600'!N$2 -> 162.1875 | O59: =SUM(C59:N59) -> 1500 | Q59: =A59 -> BFH | R59: =B59 -> Yeni Satış | S59: =SUM(C59:E59) -> 335.625 | T59: =SUM(F59:H59) -> 373.125 | U59: =SUM(I59:K59) -> 345.9375 | V59: =SUM(L59:N59) -> 445.3125 | W59: =SUM(S59:V59) -> 1500
A60: Toplam | B60: Yeni Satış | C60: =SUMIF($B$51:$B$59,"Yeni Satış",C51:C59) -> 1062.48 | D60: =SUMIF($B$51:$B$59,"Yeni Satış",D51:D59) -> 1062.48 | E60: =SUMIF($B$51:$B$59,"Yeni Satış",E51:E59) -> 1211.6 | F60: =SUMIF($B$51:$B$59,"Yeni Satış",F51:F59) -> 1183.64 | G60: =SUMIF($B$51:$B$59,"Yeni Satış",G51:G59) -> 1183.64 | H60: =SUMIF($B$51:$B$59,"Yeni Satış",H51:H59) -> 1342.08 | I60: =SUMIF($B$51:$B$59,"Yeni Satış",I51:I59) -> 1118.4 | J60: =SUMIF($B$51:$B$59,"Yeni Satış",J51:J59) -> 1127.72 | ... N60: =SUMIF($B$51:$B$59,"Yeni Satış",N51:N59) -> 1612.36 | O60: =SUMIF($B$5:$B$13,"Yeni Satış",O51:O59) -> 13062 | Q60: Toplam | R60: =B60 -> Yeni Satış | S60: =SUMIF(R51:R59,"Yeni Satış",S51:S59) -> 3336.56 | T60: =SUMIF(R51:R59,"Yeni Satış",T51:T59) -> 3709.36 | U60: =SUMIF(R51:R59,"Yeni Satış",U51:U59) -> 3439.08 | V60: =SUMIF(R51:R59,"Yeni Satış",V51:V59) -> 4427 | W60: =SUM(S60:V60) -> 14912
A61: Toplam | B61: Yenileme | C61: =SUMIF($B$51:$B$59,"Yenileme",C51:C60) -> 830.775 | D61: =SUMIF($B$51:$B$59,"Yenileme",D51:D60) -> 830.775 | E61: =SUMIF($B$51:$B$59,"Yenileme",E51:E60) -> 947.375 | F61: =SUMIF($B$51:$B$59,"Yenileme",F51:F60) -> 925.5125 | G61: =SUMIF($B$51:$B$59,"Yenileme",G51:G60) -> 925.5125 | H61: =SUMIF($B$51:$B$59,"Yenileme",H51:H60) -> 1049.4 | I61: =SUMIF($B$51:$B$59,"Yenileme",I51:I60) -> 874.5 | J61: =SUMIF($B$51:$B$59,"Yenileme",J51:J60) -> 881.7875 | ... N61: =SUMIF($B$51:$B$59,"Yenileme",N51:N60) -> 1260.7375 | O61: =SUMIF($B$5:$B$13,"Yenileme",O51:O59) -> 13510 | Q61: Toplam | R61: =B61 -> Yenileme | S61: =SUMIF(R51:R59,"Yenileme",S51:S59) -> 2608.925 | T61: =SUMIF(R51:R59,"Yenileme",T51:T59) -> 2900.425 | U61: =SUMIF(R51:R59,"Yenileme",U51:U59) -> 2689.0875 | V61: =SUMIF(R51:R59,"Yenileme",V51:V59) -> 3461.5625 | W61: =SUM(S61:V61) -> 11660
A62: Genel Toplam | B62: YS + Yen. | C62: =SUM(C60:C61) -> 1893.255 | D62: =SUM(D60:D61) -> 1893.255 | E62: =SUM(E60:E61) -> 2158.975 | F62: =SUM(F60:F61) -> 2109.1525 | G62: =SUM(G60:G61) -> 2109.1525 | H62: =SUM(H60:H61) -> 2391.48 | I62: =SUM(I60:I61) -> 1992.9 | J62: =SUM(J60:J61) -> 2009.5075 | ... N62: =SUM(N60:N61) -> 2873.0975 | O62: =O60+O61 -> 26572 | Q62: Genel Toplam | R62: =B62 -> YS + Yen. | S62: =S60+S61 -> 5945.485 | T62: =T60+T61 -> 6609.785 | U62: =U60+U61 -> 6128.1675 | V62: =V60+V61 -> 7888.5625 | W62: =W60+W61 -> 26572
A64: Özge Güler — Direkt Satış | C64: Oca | D64: Şub | E64: Mar | F64: Nis | G64: May | H64: Haz | I64: Tem | J64: Ağu | K64: Eyl | L64: Eki | M64: Kas | N64: Ara | O64: Yıllık Toplam | Q64: =A64 -> Özge Güler — Direkt Satış | S64: Q1 | T64: Q2 | U64: Q3 | V64: Q4 | W64: Yıllık Toplam
A65: Enroute | B65: Yeni Satış | C65: ='SatışEkibi YS-Yen. Hed - 600'!$B$31*'SatışEkibi YS-Yen. Hed - 600'!$M49*'Satış YS-Yen.Hed (Ayık) - 600'!C$2 -> 356.25 | D65: ='SatışEkibi YS-Yen. Hed - 600'!$B$31*'SatışEkibi YS-Yen. Hed - 600'!$M49*'Satış YS-Yen.Hed (Ayık) - 600'!D$2 -> 356.25 | E65: ='SatışEkibi YS-Yen. Hed - 600'!$B$31*'SatışEkibi YS-Yen. Hed - 600'!$M49*'Satış YS-Yen.Hed (Ayık) - 600'!E$2 -> 406.25 | F65: ='SatışEkibi YS-Yen. Hed - 600'!$B$31*'SatışEkibi YS-Yen. Hed - 600'!$M49*'Satış YS-Yen.Hed (Ayık) - 600'!F$2 -> 396.875 | G65: ='SatışEkibi YS-Yen. Hed - 600'!$B$31*'SatışEkibi YS-Yen. Hed - 600'!$M49*'Satış YS-Yen.Hed (Ayık) - 600'!G$2 -> 396.875 | H65: ='SatışEkibi YS-Yen. Hed - 600'!$B$31*'SatışEkibi YS-Yen. Hed - 600'!$M49*'Satış YS-Yen.Hed (Ayık) - 600'!H$2 -> 450 | I65: ='SatışEkibi YS-Yen. Hed - 600'!$B$31*'SatışEkibi YS-Yen. Hed - 600'!$M49*'Satış YS-Yen.Hed (Ayık) - 600'!I$2 -> 375 | J65: ='SatışEkibi YS-Yen. Hed - 600'!$B$31*'SatışEkibi YS-Yen. Hed - 600'!$M49*'Satış YS-Yen.Hed (Ayık) - 600'!J$2 -> 378.125 | ... N65: ='SatışEkibi YS-Yen. Hed - 600'!$B$31*'SatışEkibi YS-Yen. Hed - 600'!$M49*'Satış YS-Yen.Hed (Ayık) - 600'!N$2 -> 540.625 | O65: =SUM(C65:N65) -> 5000 | Q65: =A65 -> Enroute | R65: =B65 -> Yeni Satış | S65: =SUM(C65:E65) -> 1118.75 | T65: =SUM(F65:H65) -> 1243.75 | U65: =SUM(I65:K65) -> 1153.125 | V65: =SUM(L65:N65) -> 1484.375 | W65: =SUM(S65:V65) -> 5000
A66: Enroute | B66: Yenileme | C66: ='SatışEkibi YS-Yen. Hed - 600'!$B$31*'SatışEkibi YS-Yen. Hed - 600'!$M50*'Satış YS-Yen.Hed (Ayık) - 600'!C$2 -> 926.25 | D66: ='SatışEkibi YS-Yen. Hed - 600'!$B$31*'SatışEkibi YS-Yen. Hed - 600'!$M50*'Satış YS-Yen.Hed (Ayık) - 600'!D$2 -> 926.25 | E66: ='SatışEkibi YS-Yen. Hed - 600'!$B$31*'SatışEkibi YS-Yen. Hed - 600'!$M50*'Satış YS-Yen.Hed (Ayık) - 600'!E$2 -> 1056.25 | F66: ='SatışEkibi YS-Yen. Hed - 600'!$B$31*'SatışEkibi YS-Yen. Hed - 600'!$M50*'Satış YS-Yen.Hed (Ayık) - 600'!F$2 -> 1031.875 | G66: ='SatışEkibi YS-Yen. Hed - 600'!$B$31*'SatışEkibi YS-Yen. Hed - 600'!$M50*'Satış YS-Yen.Hed (Ayık) - 600'!G$2 -> 1031.875 | H66: ='SatışEkibi YS-Yen. Hed - 600'!$B$31*'SatışEkibi YS-Yen. Hed - 600'!$M50*'Satış YS-Yen.Hed (Ayık) - 600'!H$2 -> 1170 | I66: ='SatışEkibi YS-Yen. Hed - 600'!$B$31*'SatışEkibi YS-Yen. Hed - 600'!$M50*'Satış YS-Yen.Hed (Ayık) - 600'!I$2 -> 975 | J66: ='SatışEkibi YS-Yen. Hed - 600'!$B$31*'SatışEkibi YS-Yen. Hed - 600'!$M50*'Satış YS-Yen.Hed (Ayık) - 600'!J$2 -> 983.125 | ... N66: ='SatışEkibi YS-Yen. Hed - 600'!$B$31*'SatışEkibi YS-Yen. Hed - 600'!$M50*'Satış YS-Yen.Hed (Ayık) - 600'!N$2 -> 1405.625 | O66: =SUM(C66:N66) -> 13000 | Q66: =A66 -> Enroute | R66: =B66 -> Yenileme | S66: =SUM(C66:E66) -> 2908.75 | T66: =SUM(F66:H66) -> 3233.75 | U66: =SUM(I66:K66) -> 2998.125 | V66: =SUM(L66:N66) -> 3859.375 | W66: =SUM(S66:V66) -> 13000
A67: Stokbar | B67: Yeni Satış | C67: ='SatışEkibi YS-Yen. Hed - 600'!$C$31*'SatışEkibi YS-Yen. Hed - 600'!$N49*'Satış YS-Yen.Hed (Ayık) - 600'!C$2 -> 142.5 | D67: ='SatışEkibi YS-Yen. Hed - 600'!$C$31*'SatışEkibi YS-Yen. Hed - 600'!$N49*'Satış YS-Yen.Hed (Ayık) - 600'!D$2 -> 142.5 | E67: ='SatışEkibi YS-Yen. Hed - 600'!$C$31*'SatışEkibi YS-Yen. Hed - 600'!$N49*'Satış YS-Yen.Hed (Ayık) - 600'!E$2 -> 162.5 | F67: ='SatışEkibi YS-Yen. Hed - 600'!$C$31*'SatışEkibi YS-Yen. Hed - 600'!$N49*'Satış YS-Yen.Hed (Ayık) - 600'!F$2 -> 158.75 | G67: ='SatışEkibi YS-Yen. Hed - 600'!$C$31*'SatışEkibi YS-Yen. Hed - 600'!$N49*'Satış YS-Yen.Hed (Ayık) - 600'!G$2 -> 158.75 | H67: ='SatışEkibi YS-Yen. Hed - 600'!$C$31*'SatışEkibi YS-Yen. Hed - 600'!$N49*'Satış YS-Yen.Hed (Ayık) - 600'!H$2 -> 180 | I67: ='SatışEkibi YS-Yen. Hed - 600'!$C$31*'SatışEkibi YS-Yen. Hed - 600'!$N49*'Satış YS-Yen.Hed (Ayık) - 600'!I$2 -> 150 | J67: ='SatışEkibi YS-Yen. Hed - 600'!$C$31*'SatışEkibi YS-Yen. Hed - 600'!$N49*'Satış YS-Yen.Hed (Ayık) - 600'!J$2 -> 151.25 | ... N67: ='SatışEkibi YS-Yen. Hed - 600'!$C$31*'SatışEkibi YS-Yen. Hed - 600'!$N49*'Satış YS-Yen.Hed (Ayık) - 600'!N$2 -> 216.25 | O67: =SUM(C67:N67) -> 2000 | Q67: =A67 -> Stokbar | R67: =B67 -> Yeni Satış | S67: =SUM(C67:E67) -> 447.5 | T67: =SUM(F67:H67) -> 497.5 | U67: =SUM(I67:K67) -> 461.25 | V67: =SUM(L67:N67) -> 593.75 | W67: =SUM(S67:V67) -> 2000
A68: Stokbar | B68: Yenileme | C68: ='SatışEkibi YS-Yen. Hed - 600'!$C$31*'SatışEkibi YS-Yen. Hed - 600'!$N50*'Satış YS-Yen.Hed (Ayık) - 600'!C$2 -> 170.92875 | D68: ='SatışEkibi YS-Yen. Hed - 600'!$C$31*'SatışEkibi YS-Yen. Hed - 600'!$N50*'Satış YS-Yen.Hed (Ayık) - 600'!D$2 -> 170.92875 | E68: ='SatışEkibi YS-Yen. Hed - 600'!$C$31*'SatışEkibi YS-Yen. Hed - 600'!$N50*'Satış YS-Yen.Hed (Ayık) - 600'!E$2 -> 194.91875 | F68: ='SatışEkibi YS-Yen. Hed - 600'!$C$31*'SatışEkibi YS-Yen. Hed - 600'!$N50*'Satış YS-Yen.Hed (Ayık) - 600'!F$2 -> 190.42063 | G68: ='SatışEkibi YS-Yen. Hed - 600'!$C$31*'SatışEkibi YS-Yen. Hed - 600'!$N50*'Satış YS-Yen.Hed (Ayık) - 600'!G$2 -> 190.42063 | H68: ='SatışEkibi YS-Yen. Hed - 600'!$C$31*'SatışEkibi YS-Yen. Hed - 600'!$N50*'Satış YS-Yen.Hed (Ayık) - 600'!H$2 -> 215.91 | I68: ='SatışEkibi YS-Yen. Hed - 600'!$C$31*'SatışEkibi YS-Yen. Hed - 600'!$N50*'Satış YS-Yen.Hed (Ayık) - 600'!I$2 -> 179.925 | J68: ='SatışEkibi YS-Yen. Hed - 600'!$C$31*'SatışEkibi YS-Yen. Hed - 600'!$N50*'Satış YS-Yen.Hed (Ayık) - 600'!J$2 -> 181.42437 | ... N68: ='SatışEkibi YS-Yen. Hed - 600'!$C$31*'SatışEkibi YS-Yen. Hed - 600'!$N50*'Satış YS-Yen.Hed (Ayık) - 600'!N$2 -> 259.39187 | O68: =SUM(C68:N68) -> 2399 | Q68: =A68 -> Stokbar | R68: =B68 -> Yenileme | S68: =SUM(C68:E68) -> 536.77625 | T68: =SUM(F68:H68) -> 596.75125 | U68: =SUM(I68:K68) -> 553.26938 | V68: =SUM(L68:N68) -> 712.20312 | W68: =SUM(S68:V68) -> 2399
A69: Quest | B69: Yeni Satış | C69: ='SatışEkibi YS-Yen. Hed - 600'!$D$31*'SatışEkibi YS-Yen. Hed - 600'!$O49*'Satış YS-Yen.Hed (Ayık) - 600'!C$2 -> 224.08125 | D69: ='SatışEkibi YS-Yen. Hed - 600'!$D$31*'SatışEkibi YS-Yen. Hed - 600'!$O49*'Satış YS-Yen.Hed (Ayık) - 600'!D$2 -> 224.08125 | E69: ='SatışEkibi YS-Yen. Hed - 600'!$D$31*'SatışEkibi YS-Yen. Hed - 600'!$O49*'Satış YS-Yen.Hed (Ayık) - 600'!E$2 -> 255.53125 | F69: ='SatışEkibi YS-Yen. Hed - 600'!$D$31*'SatışEkibi YS-Yen. Hed - 600'!$O49*'Satış YS-Yen.Hed (Ayık) - 600'!F$2 -> 249.63438 | G69: ='SatışEkibi YS-Yen. Hed - 600'!$D$31*'SatışEkibi YS-Yen. Hed - 600'!$O49*'Satış YS-Yen.Hed (Ayık) - 600'!G$2 -> 249.63438 | H69: ='SatışEkibi YS-Yen. Hed - 600'!$D$31*'SatışEkibi YS-Yen. Hed - 600'!$O49*'Satış YS-Yen.Hed (Ayık) - 600'!H$2 -> 283.05 | I69: ='SatışEkibi YS-Yen. Hed - 600'!$D$31*'SatışEkibi YS-Yen. Hed - 600'!$O49*'Satış YS-Yen.Hed (Ayık) - 600'!I$2 -> 235.875 | J69: ='SatışEkibi YS-Yen. Hed - 600'!$D$31*'SatışEkibi YS-Yen. Hed - 600'!$O49*'Satış YS-Yen.Hed (Ayık) - 600'!J$2 -> 237.84062 | ... N69: ='SatışEkibi YS-Yen. Hed - 600'!$D$31*'SatışEkibi YS-Yen. Hed - 600'!$O49*'Satış YS-Yen.Hed (Ayık) - 600'!N$2 -> 340.05313 | O69: =SUM(C69:N69) -> 3145 | Q69: =A69 -> Quest | R69: =B69 -> Yeni Satış | S69: =SUM(C69:E69) -> 703.69375 | T69: =SUM(F69:H69) -> 782.31875 | U69: =SUM(I69:K69) -> 725.31562 | V69: =SUM(L69:N69) -> 933.67187 | W69: =SUM(S69:V69) -> 3145
A70: Quest | B70: Yenileme | C70: ='SatışEkibi YS-Yen. Hed - 600'!$D$31*'SatışEkibi YS-Yen. Hed - 600'!$O50*'Satış YS-Yen.Hed (Ayık) - 600'!C$2 -> 135.7404 | D70: ='SatışEkibi YS-Yen. Hed - 600'!$D$31*'SatışEkibi YS-Yen. Hed - 600'!$O50*'Satış YS-Yen.Hed (Ayık) - 600'!D$2 -> 135.7404 | E70: ='SatışEkibi YS-Yen. Hed - 600'!$D$31*'SatışEkibi YS-Yen. Hed - 600'!$O50*'Satış YS-Yen.Hed (Ayık) - 600'!E$2 -> 154.79169 | F70: ='SatışEkibi YS-Yen. Hed - 600'!$D$31*'SatışEkibi YS-Yen. Hed - 600'!$O50*'Satış YS-Yen.Hed (Ayık) - 600'!F$2 -> 151.21957 | G70: ='SatışEkibi YS-Yen. Hed - 600'!$D$31*'SatışEkibi YS-Yen. Hed - 600'!$O50*'Satış YS-Yen.Hed (Ayık) - 600'!G$2 -> 151.21957 | H70: ='SatışEkibi YS-Yen. Hed - 600'!$D$31*'SatışEkibi YS-Yen. Hed - 600'!$O50*'Satış YS-Yen.Hed (Ayık) - 600'!H$2 -> 171.46156 | I70: ='SatışEkibi YS-Yen. Hed - 600'!$D$31*'SatışEkibi YS-Yen. Hed - 600'!$O50*'Satış YS-Yen.Hed (Ayık) - 600'!I$2 -> 142.88464 | J70: ='SatışEkibi YS-Yen. Hed - 600'!$D$31*'SatışEkibi YS-Yen. Hed - 600'!$O50*'Satış YS-Yen.Hed (Ayık) - 600'!J$2 -> 144.07534 | ... N70: ='SatışEkibi YS-Yen. Hed - 600'!$D$31*'SatışEkibi YS-Yen. Hed - 600'!$O50*'Satış YS-Yen.Hed (Ayık) - 600'!N$2 -> 205.99202 | O70: =SUM(C70:N70) -> 1905.1285 | Q70: =A70 -> Quest | R70: =B70 -> Yenileme | S70: =SUM(C70:E70) -> 426.2725 | T70: =SUM(F70:H70) -> 473.90071 | U70: =SUM(I70:K70) -> 439.37025 | V70: =SUM(L70:N70) -> 565.58502 | W70: =SUM(S70:V70) -> 1905.1285
A71: Varuna | B71: Yeni Satış | C71: ='SatışEkibi YS-Yen. Hed - 600'!$F$31*'SatışEkibi YS-Yen. Hed - 600'!$Q49*'Satış YS-Yen.Hed (Ayık) - 600'!C$2 -> 53.4375 | D71: ='SatışEkibi YS-Yen. Hed - 600'!$F$31*'SatışEkibi YS-Yen. Hed - 600'!$Q49*'Satış YS-Yen.Hed (Ayık) - 600'!D$2 -> 53.4375 | E71: ='SatışEkibi YS-Yen. Hed - 600'!$F$31*'SatışEkibi YS-Yen. Hed - 600'!$Q49*'Satış YS-Yen.Hed (Ayık) - 600'!E$2 -> 60.9375 | F71: ='SatışEkibi YS-Yen. Hed - 600'!$F$31*'SatışEkibi YS-Yen. Hed - 600'!$Q49*'Satış YS-Yen.Hed (Ayık) - 600'!F$2 -> 59.53125 | G71: ='SatışEkibi YS-Yen. Hed - 600'!$F$31*'SatışEkibi YS-Yen. Hed - 600'!$Q49*'Satış YS-Yen.Hed (Ayık) - 600'!G$2 -> 59.53125 | H71: ='SatışEkibi YS-Yen. Hed - 600'!$F$31*'SatışEkibi YS-Yen. Hed - 600'!$Q49*'Satış YS-Yen.Hed (Ayık) - 600'!H$2 -> 67.5 | I71: ='SatışEkibi YS-Yen. Hed - 600'!$F$31*'SatışEkibi YS-Yen. Hed - 600'!$Q49*'Satış YS-Yen.Hed (Ayık) - 600'!I$2 -> 56.25 | J71: ='SatışEkibi YS-Yen. Hed - 600'!$F$31*'SatışEkibi YS-Yen. Hed - 600'!$Q49*'Satış YS-Yen.Hed (Ayık) - 600'!J$2 -> 56.71875 | ... N71: ='SatışEkibi YS-Yen. Hed - 600'!$F$31*'SatışEkibi YS-Yen. Hed - 600'!$Q49*'Satış YS-Yen.Hed (Ayık) - 600'!N$2 -> 81.09375 | O71: =SUM(C71:N71) -> 750 | Q71: =A71 -> Varuna | R71: =B71 -> Yeni Satış | S71: =SUM(C71:E71) -> 167.8125 | T71: =SUM(F71:H71) -> 186.5625 | U71: =SUM(I71:K71) -> 172.96875 | V71: =SUM(L71:N71) -> 222.65625 | W71: =SUM(S71:V71) -> 750
A72: Hosting | B72: Yeni Satış | C72: ='SatışEkibi YS-Yen. Hed - 600'!$G$31*'SatışEkibi YS-Yen. Hed - 600'!$R49*'Satış YS-Yen.Hed (Ayık) - 600'!C$2 -> 71.25 | D72: ='SatışEkibi YS-Yen. Hed - 600'!$G$31*'SatışEkibi YS-Yen. Hed - 600'!$R49*'Satış YS-Yen.Hed (Ayık) - 600'!D$2 -> 71.25 | E72: ='SatışEkibi YS-Yen. Hed - 600'!$G$31*'SatışEkibi YS-Yen. Hed - 600'!$R49*'Satış YS-Yen.Hed (Ayık) - 600'!E$2 -> 81.25 | F72: ='SatışEkibi YS-Yen. Hed - 600'!$G$31*'SatışEkibi YS-Yen. Hed - 600'!$R49*'Satış YS-Yen.Hed (Ayık) - 600'!F$2 -> 79.375 | G72: ='SatışEkibi YS-Yen. Hed - 600'!$G$31*'SatışEkibi YS-Yen. Hed - 600'!$R49*'Satış YS-Yen.Hed (Ayık) - 600'!G$2 -> 79.375 | H72: ='SatışEkibi YS-Yen. Hed - 600'!$G$31*'SatışEkibi YS-Yen. Hed - 600'!$R49*'Satış YS-Yen.Hed (Ayık) - 600'!H$2 -> 90 | I72: ='SatışEkibi YS-Yen. Hed - 600'!$G$31*'SatışEkibi YS-Yen. Hed - 600'!$R49*'Satış YS-Yen.Hed (Ayık) - 600'!I$2 -> 75 | J72: ='SatışEkibi YS-Yen. Hed - 600'!$G$31*'SatışEkibi YS-Yen. Hed - 600'!$R49*'Satış YS-Yen.Hed (Ayık) - 600'!J$2 -> 75.625 | ... N72: ='SatışEkibi YS-Yen. Hed - 600'!$G$31*'SatışEkibi YS-Yen. Hed - 600'!$R49*'Satış YS-Yen.Hed (Ayık) - 600'!N$2 -> 108.125 | O72: =SUM(C72:N72) -> 1000 | Q72: =A72 -> Hosting | R72: =B72 -> Yeni Satış | S72: =SUM(C72:E72) -> 223.75 | T72: =SUM(F72:H72) -> 248.75 | U72: =SUM(I72:K72) -> 230.625 | V72: =SUM(L72:N72) -> 296.875 | W72: =SUM(S72:V72) -> 1000
A73: Hosting | B73: Yenileme | C73: ='SatışEkibi YS-Yen. Hed - 600'!$G$31*'SatışEkibi YS-Yen. Hed - 600'!$R50*'Satış YS-Yen.Hed (Ayık) - 600'!C$2 -> 458.92125 | D73: ='SatışEkibi YS-Yen. Hed - 600'!$G$31*'SatışEkibi YS-Yen. Hed - 600'!$R50*'Satış YS-Yen.Hed (Ayık) - 600'!D$2 -> 458.92125 | E73: ='SatışEkibi YS-Yen. Hed - 600'!$G$31*'SatışEkibi YS-Yen. Hed - 600'!$R50*'Satış YS-Yen.Hed (Ayık) - 600'!E$2 -> 523.33125 | F73: ='SatışEkibi YS-Yen. Hed - 600'!$G$31*'SatışEkibi YS-Yen. Hed - 600'!$R50*'Satış YS-Yen.Hed (Ayık) - 600'!F$2 -> 511.25437 | G73: ='SatışEkibi YS-Yen. Hed - 600'!$G$31*'SatışEkibi YS-Yen. Hed - 600'!$R50*'Satış YS-Yen.Hed (Ayık) - 600'!G$2 -> 511.25437 | H73: ='SatışEkibi YS-Yen. Hed - 600'!$G$31*'SatışEkibi YS-Yen. Hed - 600'!$R50*'Satış YS-Yen.Hed (Ayık) - 600'!H$2 -> 579.69 | I73: ='SatışEkibi YS-Yen. Hed - 600'!$G$31*'SatışEkibi YS-Yen. Hed - 600'!$R50*'Satış YS-Yen.Hed (Ayık) - 600'!I$2 -> 483.075 | J73: ='SatışEkibi YS-Yen. Hed - 600'!$G$31*'SatışEkibi YS-Yen. Hed - 600'!$R50*'Satış YS-Yen.Hed (Ayık) - 600'!J$2 -> 487.10062 | ... N73: ='SatışEkibi YS-Yen. Hed - 600'!$G$31*'SatışEkibi YS-Yen. Hed - 600'!$R50*'Satış YS-Yen.Hed (Ayık) - 600'!N$2 -> 696.43313 | O73: =SUM(C73:N73) -> 6441 | Q73: =A73 -> Hosting | R73: =B73 -> Yenileme | S73: =SUM(C73:E73) -> 1441.1738 | T73: =SUM(F73:H73) -> 1602.1988 | U73: =SUM(I73:K73) -> 1485.4556 | V73: =SUM(L73:N73) -> 1912.1719 | W73: =SUM(S73:V73) -> 6441
A74: BFH | B74: Yeni Satış | C74: ='SatışEkibi YS-Yen. Hed - 600'!$I$31*'SatışEkibi YS-Yen. Hed - 600'!$T49*'Satış YS-Yen.Hed (Ayık) - 600'!C$2 -> 102.315 | D74: ='SatışEkibi YS-Yen. Hed - 600'!$I$31*'SatışEkibi YS-Yen. Hed - 600'!$T49*'Satış YS-Yen.Hed (Ayık) - 600'!D$2 -> 102.315 | E74: ='SatışEkibi YS-Yen. Hed - 600'!$I$31*'SatışEkibi YS-Yen. Hed - 600'!$T49*'Satış YS-Yen.Hed (Ayık) - 600'!E$2 -> 116.675 | F74: ='SatışEkibi YS-Yen. Hed - 600'!$I$31*'SatışEkibi YS-Yen. Hed - 600'!$T49*'Satış YS-Yen.Hed (Ayık) - 600'!F$2 -> 113.9825 | G74: ='SatışEkibi YS-Yen. Hed - 600'!$I$31*'SatışEkibi YS-Yen. Hed - 600'!$T49*'Satış YS-Yen.Hed (Ayık) - 600'!G$2 -> 113.9825 | H74: ='SatışEkibi YS-Yen. Hed - 600'!$I$31*'SatışEkibi YS-Yen. Hed - 600'!$T49*'Satış YS-Yen.Hed (Ayık) - 600'!H$2 -> 129.24 | I74: ='SatışEkibi YS-Yen. Hed - 600'!$I$31*'SatışEkibi YS-Yen. Hed - 600'!$T49*'Satış YS-Yen.Hed (Ayık) - 600'!I$2 -> 107.7 | J74: ='SatışEkibi YS-Yen. Hed - 600'!$I$31*'SatışEkibi YS-Yen. Hed - 600'!$T49*'Satış YS-Yen.Hed (Ayık) - 600'!J$2 -> 108.5975 | ... N74: ='SatışEkibi YS-Yen. Hed - 600'!$I$31*'SatışEkibi YS-Yen. Hed - 600'!$T49*'Satış YS-Yen.Hed (Ayık) - 600'!N$2 -> 155.2675 | O74: =SUM(C74:N74) -> 1436 | Q74: =A74 -> BFH | R74: =B74 -> Yeni Satış | S74: =SUM(C74:E74) -> 321.305 | T74: =SUM(F74:H74) -> 357.205 | U74: =SUM(I74:K74) -> 331.1775 | V74: =SUM(L74:N74) -> 426.3125 | W74: =SUM(S74:V74) -> 1436
A75: Toplam | B75: Yeni Satış | C75: =SUMIF($B$65:$B$74,"Yeni Satış",C65:C74) -> 949.83375 | D75: =SUMIF($B$65:$B$74,"Yeni Satış",D65:D74) -> 949.83375 | E75: =SUMIF($B$65:$B$74,"Yeni Satış",E65:E74) -> 1083.1437 | F75: =SUMIF($B$65:$B$74,"Yeni Satış",F65:F74) -> 1058.1481 | G75: =SUMIF($B$65:$B$74,"Yeni Satış",G65:G74) -> 1058.1481 | H75: =SUMIF($B$65:$B$74,"Yeni Satış",H65:H74) -> 1199.79 | I75: =SUMIF($B$65:$B$74,"Yeni Satış",I65:I74) -> 999.825 | J75: =SUMIF($B$65:$B$74,"Yeni Satış",J65:J74) -> 1008.1569 | ... N75: =SUMIF($B$65:$B$74,"Yeni Satış",N65:N74) -> 1441.4144 | O75: =SUMIF(B65:B74,"Yeni Satış",O65:O74) -> 13331 | Q75: Toplam | R75: =B75 -> Yeni Satış | S75: =SUMIF(R65:R74,"Yeni Satış",S65:S74) -> 2982.8112 | T75: =SUMIF(R65:R74,"Yeni Satış",T65:T74) -> 3316.0862 | U75: =SUMIF(R65:R74,"Yeni Satış",U65:U74) -> 3074.4619 | V75: =SUMIF(R65:R74,"Yeni Satış",V65:V74) -> 3957.6406 | W75: =SUM(S75:V75) -> 13331
A76: Toplam | B76: Yenileme | C76: =SUMIF($B$65:$B$74,"Yenileme",C65:C74) -> 1691.8404 | D76: =SUMIF($B$65:$B$74,"Yenileme",D65:D74) -> 1691.8404 | E76: =SUMIF($B$65:$B$74,"Yenileme",E65:E74) -> 1929.2917 | F76: =SUMIF($B$65:$B$74,"Yenileme",F65:F74) -> 1884.7696 | G76: =SUMIF($B$65:$B$74,"Yenileme",G65:G74) -> 1884.7696 | H76: =SUMIF($B$65:$B$74,"Yenileme",H65:H74) -> 2137.0616 | I76: =SUMIF($B$65:$B$74,"Yenileme",I65:I74) -> 1780.8846 | J76: =SUMIF($B$65:$B$74,"Yenileme",J65:J74) -> 1795.7253 | ... N76: =SUMIF($B$65:$B$74,"Yenileme",N65:N74) -> 2567.442 | O76: =SUMIF(B65:B74,"Yenileme",O65:O74) -> 23745.128 | Q76: Toplam | R76: =B76 -> Yenileme | S76: =SUMIF(R65:R74,"Yenileme",S65:S74) -> 5312.9725 | T76: =SUMIF(R65:R74,"Yenileme",T65:T74) -> 5906.6007 | U76: =SUMIF(R65:R74,"Yenileme",U65:U74) -> 5476.2203 | V76: =SUMIF(R65:R74,"Yenileme",V65:V74) -> 7049.335 | W76: =SUM(S76:V76) -> 23745.128
A77: Genel Toplam | B77: YS + Yen. | C77: =SUM(C75:C76) -> 2641.6742 | D77: =SUM(D75:D76) -> 2641.6742 | E77: =SUM(E75:E76) -> 3012.4354 | F77: =SUM(F75:F76) -> 2942.9177 | G77: =SUM(G75:G76) -> 2942.9177 | H77: =SUM(H75:H76) -> 3336.8516 | I77: =SUM(I75:I76) -> 2780.7096 | J77: =SUM(J75:J76) -> 2803.8822 | ... N77: =SUM(N75:N76) -> 4008.8564 | O77: =O75+O76 -> 37076.128 | Q77: Genel Toplam | R77: =B77 -> YS + Yen. | S77: =S75+S76 -> 8295.7837 | T77: =T75+T76 -> 9222.687 | U77: =U75+U76 -> 8550.6821 | V77: =V75+V76 -> 11006.976 | W77: =W75+W76 -> 37076.128
A79: Melike Akgünlü — Direkt Satış | C79: Oca | D79: Şub | E79: Mar | F79: Nis | G79: May | H79: Haz | I79: Tem | J79: Ağu | K79: Eyl | L79: Eki | M79: Kas | N79: Ara | O79: Yıllık Toplam | Q79: =A79 -> Melike Akgünlü — Direkt Satış | S79: Q1 | T79: Q2 | U79: Q3 | V79: Q4 | W79: Yıllık Toplam
A80: Enroute | B80: Yeni Satış | C80: ='SatışEkibi YS-Yen. Hed - 600'!$B$52*C$2 -> 540.075 | D80: ='SatışEkibi YS-Yen. Hed - 600'!$B$52*D$2 -> 540.075 | E80: ='SatışEkibi YS-Yen. Hed - 600'!$B$52*E$2 -> 615.875 | F80: ='SatışEkibi YS-Yen. Hed - 600'!$B$52*F$2 -> 601.6625 | G80: ='SatışEkibi YS-Yen. Hed - 600'!$B$52*G$2 -> 601.6625 | H80: ='SatışEkibi YS-Yen. Hed - 600'!$B$52*H$2 -> 682.2 | I80: ='SatışEkibi YS-Yen. Hed - 600'!$B$52*I$2 -> 568.5 | J80: ='SatışEkibi YS-Yen. Hed - 600'!$B$52*J$2 -> 573.2375 | ... N80: ='SatışEkibi YS-Yen. Hed - 600'!$B$52*N$2 -> 819.5875 | O80: =SUM(C80:N80) -> 7580 | Q80: =A80 -> Enroute | R80: =B80 -> Yeni Satış | S80: =SUM(C80:E80) -> 1696.025 | T80: =SUM(F80:H80) -> 1885.525 | U80: =SUM(I80:K80) -> 1748.1375 | V80: =SUM(L80:N80) -> 2250.3125 | W80: =SUM(S80:V80) -> 7580
A81: Enroute | B81: Yenileme | C81: ='SatışEkibi YS-Yen. Hed - 600'!$B$53*'Satış YS-Yen.Hed (Ayık) - 600'!C$2 -> 611.82375 | D81: ='SatışEkibi YS-Yen. Hed - 600'!$B$53*'Satış YS-Yen.Hed (Ayık) - 600'!D$2 -> 611.82375 | E81: ='SatışEkibi YS-Yen. Hed - 600'!$B$53*'Satış YS-Yen.Hed (Ayık) - 600'!E$2 -> 697.69375 | F81: ='SatışEkibi YS-Yen. Hed - 600'!$B$53*'Satış YS-Yen.Hed (Ayık) - 600'!F$2 -> 681.59312 | G81: ='SatışEkibi YS-Yen. Hed - 600'!$B$53*'Satış YS-Yen.Hed (Ayık) - 600'!G$2 -> 681.59312 | H81: ='SatışEkibi YS-Yen. Hed - 600'!$B$53*'Satış YS-Yen.Hed (Ayık) - 600'!H$2 -> 772.83 | I81: ='SatışEkibi YS-Yen. Hed - 600'!$B$53*'Satış YS-Yen.Hed (Ayık) - 600'!I$2 -> 644.025 | J81: ='SatışEkibi YS-Yen. Hed - 600'!$B$53*'Satış YS-Yen.Hed (Ayık) - 600'!J$2 -> 649.39188 | ... N81: ='SatışEkibi YS-Yen. Hed - 600'!$B$53*'Satış YS-Yen.Hed (Ayık) - 600'!N$2 -> 928.46938 | O81: =SUM(C81:N81) -> 8587 | Q81: =A81 -> Enroute | R81: =B81 -> Yenileme | S81: =SUM(C81:E81) -> 1921.3412 | T81: =SUM(F81:H81) -> 2136.0162 | U81: =SUM(I81:K81) -> 1980.3769 | V81: =SUM(L81:N81) -> 2549.2656 | W81: =SUM(S81:V81) -> 8587
A82: Stokbar | B82: Yeni Satış | C82: ='SatışEkibi YS-Yen. Hed - 600'!$C$52*C$2 -> 498.75 | D82: ='SatışEkibi YS-Yen. Hed - 600'!$C$52*D$2 -> 498.75 | E82: ='SatışEkibi YS-Yen. Hed - 600'!$C$52*E$2 -> 568.75 | F82: ='SatışEkibi YS-Yen. Hed - 600'!$C$52*F$2 -> 555.625 | G82: ='SatışEkibi YS-Yen. Hed - 600'!$C$52*G$2 -> 555.625 | H82: ='SatışEkibi YS-Yen. Hed - 600'!$C$52*H$2 -> 630 | I82: ='SatışEkibi YS-Yen. Hed - 600'!$C$52*I$2 -> 525 | J82: ='SatışEkibi YS-Yen. Hed - 600'!$C$52*J$2 -> 529.375 | ... N82: ='SatışEkibi YS-Yen. Hed - 600'!$C$52*N$2 -> 756.875 | O82: =SUM(C82:N82) -> 7000 | Q82: =A82 -> Stokbar | R82: =B82 -> Yeni Satış | S82: =SUM(C82:E82) -> 1566.25 | T82: =SUM(F82:H82) -> 1741.25 | U82: =SUM(I82:K82) -> 1614.375 | V82: =SUM(L82:N82) -> 2078.125 | W82: =SUM(S82:V82) -> 7000
A83: Stokbar | B83: Yenileme | C83: ='SatışEkibi YS-Yen. Hed - 600'!$C$53*'Satış YS-Yen.Hed (Ayık) - 600'!C$2 -> 57.285 | D83: ='SatışEkibi YS-Yen. Hed - 600'!$C$53*'Satış YS-Yen.Hed (Ayık) - 600'!D$2 -> 57.285 | E83: ='SatışEkibi YS-Yen. Hed - 600'!$C$53*'Satış YS-Yen.Hed (Ayık) - 600'!E$2 -> 65.325 | F83: ='SatışEkibi YS-Yen. Hed - 600'!$C$53*'Satış YS-Yen.Hed (Ayık) - 600'!F$2 -> 63.8175 | G83: ='SatışEkibi YS-Yen. Hed - 600'!$C$53*'Satış YS-Yen.Hed (Ayık) - 600'!G$2 -> 63.8175 | H83: ='SatışEkibi YS-Yen. Hed - 600'!$C$53*'Satış YS-Yen.Hed (Ayık) - 600'!H$2 -> 72.36 | I83: ='SatışEkibi YS-Yen. Hed - 600'!$C$53*'Satış YS-Yen.Hed (Ayık) - 600'!I$2 -> 60.3 | J83: ='SatışEkibi YS-Yen. Hed - 600'!$C$53*'Satış YS-Yen.Hed (Ayık) - 600'!J$2 -> 60.8025 | ... N83: ='SatışEkibi YS-Yen. Hed - 600'!$C$53*'Satış YS-Yen.Hed (Ayık) - 600'!N$2 -> 86.9325 | O83: =SUM(C83:N83) -> 804 | Q83: =A83 -> Stokbar | R83: =B83 -> Yenileme | S83: =SUM(C83:E83) -> 179.895 | T83: =SUM(F83:H83) -> 199.995 | U83: =SUM(I83:K83) -> 185.4225 | V83: =SUM(L83:N83) -> 238.6875 | W83: =SUM(S83:V83) -> 804
A84: Quest | B84: Yeni Satış | C84: ='SatışEkibi YS-Yen. Hed - 600'!$D$52*C$2 -> 514.5675 | D84: ='SatışEkibi YS-Yen. Hed - 600'!$D$52*D$2 -> 514.5675 | E84: ='SatışEkibi YS-Yen. Hed - 600'!$D$52*E$2 -> 586.7875 | F84: ='SatışEkibi YS-Yen. Hed - 600'!$D$52*F$2 -> 573.24625 | G84: ='SatışEkibi YS-Yen. Hed - 600'!$D$52*G$2 -> 573.24625 | H84: ='SatışEkibi YS-Yen. Hed - 600'!$D$52*H$2 -> 649.98 | I84: ='SatışEkibi YS-Yen. Hed - 600'!$D$52*I$2 -> 541.65 | J84: ='SatışEkibi YS-Yen. Hed - 600'!$D$52*J$2 -> 546.16375 | ... N84: ='SatışEkibi YS-Yen. Hed - 600'!$D$52*N$2 -> 780.87875 | O84: =SUM(C84:N84) -> 7222 | Q84: =A84 -> Quest | R84: =B84 -> Yeni Satış | S84: =SUM(C84:E84) -> 1615.9225 | T84: =SUM(F84:H84) -> 1796.4725 | U84: =SUM(I84:K84) -> 1665.5737 | V84: =SUM(L84:N84) -> 2144.0312 | W84: =SUM(S84:V84) -> 7222
A85: Quest | B85: Yenileme | C85: ='SatışEkibi YS-Yen. Hed - 600'!$D$53*'Satış YS-Yen.Hed (Ayık) - 600'!C$2 -> 74.328719 | D85: ='SatışEkibi YS-Yen. Hed - 600'!$D$53*'Satış YS-Yen.Hed (Ayık) - 600'!D$2 -> 74.328719 | E85: ='SatışEkibi YS-Yen. Hed - 600'!$D$53*'Satış YS-Yen.Hed (Ayık) - 600'!E$2 -> 84.76082 | F85: ='SatışEkibi YS-Yen. Hed - 600'!$D$53*'Satış YS-Yen.Hed (Ayık) - 600'!F$2 -> 82.804801 | G85: ='SatışEkibi YS-Yen. Hed - 600'!$D$53*'Satış YS-Yen.Hed (Ayık) - 600'!G$2 -> 82.804801 | H85: ='SatışEkibi YS-Yen. Hed - 600'!$D$53*'Satış YS-Yen.Hed (Ayık) - 600'!H$2 -> 93.888908 | I85: ='SatışEkibi YS-Yen. Hed - 600'!$D$53*'Satış YS-Yen.Hed (Ayık) - 600'!I$2 -> 78.240757 | J85: ='SatışEkibi YS-Yen. Hed - 600'!$D$53*'Satış YS-Yen.Hed (Ayık) - 600'!J$2 -> 78.892763 | ... N85: ='SatışEkibi YS-Yen. Hed - 600'!$D$53*'Satış YS-Yen.Hed (Ayık) - 600'!N$2 -> 112.79709 | O85: =SUM(C85:N85) -> 1043.2101 | Q85: =A85 -> Quest | R85: =B85 -> Yenileme | S85: =SUM(C85:E85) -> 233.41826 | T85: =SUM(F85:H85) -> 259.49851 | U85: =SUM(I85:K85) -> 240.59033 | V85: =SUM(L85:N85) -> 309.703 | W85: =SUM(S85:V85) -> 1043.2101
A86: Varuna | B86: Yeni Satış | C86: ='SatışEkibi YS-Yen. Hed - 600'!$F$52*'Satış YS-Yen.Hed (Ayık) - 600'!C$2 -> 89.0625 | D86: ='SatışEkibi YS-Yen. Hed - 600'!$F$52*'Satış YS-Yen.Hed (Ayık) - 600'!D$2 -> 89.0625 | E86: ='SatışEkibi YS-Yen. Hed - 600'!$F$52*'Satış YS-Yen.Hed (Ayık) - 600'!E$2 -> 101.5625 | F86: ='SatışEkibi YS-Yen. Hed - 600'!$F$52*'Satış YS-Yen.Hed (Ayık) - 600'!F$2 -> 99.21875 | G86: ='SatışEkibi YS-Yen. Hed - 600'!$F$52*'Satış YS-Yen.Hed (Ayık) - 600'!G$2 -> 99.21875 | H86: ='SatışEkibi YS-Yen. Hed - 600'!$F$52*'Satış YS-Yen.Hed (Ayık) - 600'!H$2 -> 112.5 | I86: ='SatışEkibi YS-Yen. Hed - 600'!$F$52*'Satış YS-Yen.Hed (Ayık) - 600'!I$2 -> 93.75 | J86: ='SatışEkibi YS-Yen. Hed - 600'!$F$52*'Satış YS-Yen.Hed (Ayık) - 600'!J$2 -> 94.53125 | ... N86: ='SatışEkibi YS-Yen. Hed - 600'!$F$52*'Satış YS-Yen.Hed (Ayık) - 600'!N$2 -> 135.15625 | O86: =SUM(C86:N86) -> 1250 | Q86: =A86 -> Varuna | R86: =B86 -> Yeni Satış | S86: =SUM(C86:E86) -> 279.6875 | T86: =SUM(F86:H86) -> 310.9375 | U86: =SUM(I86:K86) -> 288.28125 | V86: =SUM(L86:N86) -> 371.09375 | W86: =SUM(S86:V86) -> 1250
A87: Hosting | B87: Yeni Satış | C87: ='SatışEkibi YS-Yen. Hed - 600'!$G$52*'Satış YS-Yen.Hed (Ayık) - 600'!C$2 -> 113.78625 | D87: ='SatışEkibi YS-Yen. Hed - 600'!$G$52*'Satış YS-Yen.Hed (Ayık) - 600'!D$2 -> 113.78625 | E87: ='SatışEkibi YS-Yen. Hed - 600'!$G$52*'Satış YS-Yen.Hed (Ayık) - 600'!E$2 -> 129.75625 | F87: ='SatışEkibi YS-Yen. Hed - 600'!$G$52*'Satış YS-Yen.Hed (Ayık) - 600'!F$2 -> 126.76188 | G87: ='SatışEkibi YS-Yen. Hed - 600'!$G$52*'Satış YS-Yen.Hed (Ayık) - 600'!G$2 -> 126.76188 | H87: ='SatışEkibi YS-Yen. Hed - 600'!$G$52*'Satış YS-Yen.Hed (Ayık) - 600'!H$2 -> 143.73 | I87: ='SatışEkibi YS-Yen. Hed - 600'!$G$52*'Satış YS-Yen.Hed (Ayık) - 600'!I$2 -> 119.775 | J87: ='SatışEkibi YS-Yen. Hed - 600'!$G$52*'Satış YS-Yen.Hed (Ayık) - 600'!J$2 -> 120.77312 | ... N87: ='SatışEkibi YS-Yen. Hed - 600'!$G$52*'Satış YS-Yen.Hed (Ayık) - 600'!N$2 -> 172.67562 | O87: =SUM(C87:N87) -> 1597 | Q87: =A87 -> Hosting | R87: =B87 -> Yeni Satış | S87: =SUM(C87:E87) -> 357.32875 | T87: =SUM(F87:H87) -> 397.25375 | U87: =SUM(I87:K87) -> 368.30812 | V87: =SUM(L87:N87) -> 474.10937 | W87: =SUM(S87:V87) -> 1597
A88: Hosting | B88: Yenileme | C88: ='SatışEkibi YS-Yen. Hed - 600'!$G$53*'Satış YS-Yen.Hed (Ayık) - 600'!C$2 -> 141.36 | D88: ='SatışEkibi YS-Yen. Hed - 600'!$G$53*'Satış YS-Yen.Hed (Ayık) - 600'!D$2 -> 141.36 | E88: ='SatışEkibi YS-Yen. Hed - 600'!$G$53*'Satış YS-Yen.Hed (Ayık) - 600'!E$2 -> 161.2 | F88: ='SatışEkibi YS-Yen. Hed - 600'!$G$53*'Satış YS-Yen.Hed (Ayık) - 600'!F$2 -> 157.48 | G88: ='SatışEkibi YS-Yen. Hed - 600'!$G$53*'Satış YS-Yen.Hed (Ayık) - 600'!G$2 -> 157.48 | H88: ='SatışEkibi YS-Yen. Hed - 600'!$G$53*'Satış YS-Yen.Hed (Ayık) - 600'!H$2 -> 178.56 | I88: ='SatışEkibi YS-Yen. Hed - 600'!$G$53*'Satış YS-Yen.Hed (Ayık) - 600'!I$2 -> 148.8 | J88: ='SatışEkibi YS-Yen. Hed - 600'!$G$53*'Satış YS-Yen.Hed (Ayık) - 600'!J$2 -> 150.04 | ... N88: ='SatışEkibi YS-Yen. Hed - 600'!$G$53*'Satış YS-Yen.Hed (Ayık) - 600'!N$2 -> 214.52 | O88: =SUM(C88:N88) -> 1984 | Q88: =A88 -> Hosting | R88: =B88 -> Yenileme | S88: =SUM(C88:E88) -> 443.92 | T88: =SUM(F88:H88) -> 493.52 | U88: =SUM(I88:K88) -> 457.56 | V88: =SUM(L88:N88) -> 589 | W88: =SUM(S88:V88) -> 1984
A89: BFH | B89: Yeni Satış | C89: ='SatışEkibi YS-Yen. Hed - 600'!$I$52*'Satış YS-Yen.Hed (Ayık) - 600'!C$2 -> 142.5 | D89: ='SatışEkibi YS-Yen. Hed - 600'!$I$52*'Satış YS-Yen.Hed (Ayık) - 600'!D$2 -> 142.5 | E89: ='SatışEkibi YS-Yen. Hed - 600'!$I$52*'Satış YS-Yen.Hed (Ayık) - 600'!E$2 -> 162.5 | F89: ='SatışEkibi YS-Yen. Hed - 600'!$I$52*'Satış YS-Yen.Hed (Ayık) - 600'!F$2 -> 158.75 | G89: ='SatışEkibi YS-Yen. Hed - 600'!$I$52*'Satış YS-Yen.Hed (Ayık) - 600'!G$2 -> 158.75 | H89: ='SatışEkibi YS-Yen. Hed - 600'!$I$52*'Satış YS-Yen.Hed (Ayık) - 600'!H$2 -> 180 | I89: ='SatışEkibi YS-Yen. Hed - 600'!$I$52*'Satış YS-Yen.Hed (Ayık) - 600'!I$2 -> 150 | J89: ='SatışEkibi YS-Yen. Hed - 600'!$I$52*'Satış YS-Yen.Hed (Ayık) - 600'!J$2 -> 151.25 | ... N89: ='SatışEkibi YS-Yen. Hed - 600'!$I$52*'Satış YS-Yen.Hed (Ayık) - 600'!N$2 -> 216.25 | O89: =SUM(C89:N89) -> 2000 | Q89: =A89 -> BFH | R89: =B89 -> Yeni Satış | S89: =SUM(C89:E89) -> 447.5 | T89: =SUM(F89:H89) -> 497.5 | U89: =SUM(I89:K89) -> 461.25 | V89: =SUM(L89:N89) -> 593.75 | W89: =SUM(S89:V89) -> 2000
A90: Toplam | B90: Yeni Satış | C90: =SUMIF($B$5:$B$13,"Yeni Satış",C80:C89) -> 1400.8612 | D90: =SUMIF($B$5:$B$13,"Yeni Satış",D80:D89) -> 1400.8612 | E90: =SUMIF($B$5:$B$13,"Yeni Satış",E80:E89) -> 1597.4733 | F90: =SUMIF($B$5:$B$13,"Yeni Satış",F80:F89) -> 1560.6086 | G90: =SUMIF($B$5:$B$13,"Yeni Satış",G80:G89) -> 1560.6086 | H90: =SUMIF($B$5:$B$13,"Yeni Satış",H80:H89) -> 1769.5089 | I90: =SUMIF($B$5:$B$13,"Yeni Satış",I80:I89) -> 1474.5908 | J90: =SUMIF($B$5:$B$13,"Yeni Satış",J80:J89) -> 1486.879 | ... N90: =SUMIF($B$5:$B$13,"Yeni Satış",N80:N89) -> 2125.8683 | O90: =SUMIF(B80:B89,"Yeni Satış",O80:O89) -> 26649 | Q90: Toplam | R90: =B90 -> Yeni Satış | S90: =SUMIF(R80:R89,"Yeni Satış",S80:S89) -> 5962.7137 | T90: =SUMIF(R80:R89,"Yeni Satış",T80:T89) -> 6628.9387 | U90: =SUMIF(R80:R89,"Yeni Satış",U80:U89) -> 6145.9256 | V90: =SUMIF(R80:R89,"Yeni Satış",V80:V89) -> 7911.4219 | W90: =SUM(S90:V90) -> 26649
A91: Toplam | B91: Yenileme | C91: =SUMIF($B$5:$B$13,"Yenileme",C80:C90) -> 1240.1775 | D91: =SUMIF($B$5:$B$13,"Yenileme",D80:D90) -> 1240.1775 | E91: =SUMIF($B$5:$B$13,"Yenileme",E80:E90) -> 1414.2375 | F91: =SUMIF($B$5:$B$13,"Yenileme",F80:F90) -> 1381.6012 | G91: =SUMIF($B$5:$B$13,"Yenileme",G80:G90) -> 1381.6012 | H91: =SUMIF($B$5:$B$13,"Yenileme",H80:H90) -> 1566.54 | I91: =SUMIF($B$5:$B$13,"Yenileme",I80:I90) -> 1305.45 | J91: =SUMIF($B$5:$B$13,"Yenileme",J80:J90) -> 1316.3287 | ... N91: =SUMIF($B$5:$B$13,"Yenileme",N80:N90) -> 1882.0238 | O91: =SUMIF(B80:B89,"Yenileme",O80:O89) -> 12418.21 | Q91: Toplam | R91: =B91 -> Yenileme | S91: =SUMIF(R80:R89,"Yenileme",S80:S89) -> 2778.5745 | T91: =SUMIF(R80:R89,"Yenileme",T80:T89) -> 3089.0298 | U91: =SUMIF(R80:R89,"Yenileme",U80:U89) -> 2863.9497 | V91: =SUMIF(R80:R89,"Yenileme",V80:V89) -> 3686.6561 | W91: =SUM(S91:V91) -> 12418.21
A92: Genel Toplam | B92: YS + Yen. | C92: =SUM(C90:C91) -> 2641.0387 | D92: =SUM(D90:D91) -> 2641.0387 | E92: =SUM(E90:E91) -> 3011.7108 | F92: =SUM(F90:F91) -> 2942.2098 | G92: =SUM(G90:G91) -> 2942.2098 | H92: =SUM(H90:H91) -> 3336.0489 | I92: =SUM(I90:I91) -> 2780.0408 | J92: =SUM(J90:J91) -> 2803.2078 | ... N92: =SUM(N90:N91) -> 4007.8921 | O92: =O90+O91 -> 39067.21 | Q92: Genel Toplam | R92: =B92 -> YS + Yen. | S92: =S90+S91 -> 8741.2883 | T92: =T90+T91 -> 9717.9685 | U92: =U90+U91 -> 9009.8753 | V92: =V90+V91 -> 11598.078 | W92: =W90+W91 -> 39067.21
A94: Dilara Bogu — Direk Satış | C94: Oca | D94: Şub | E94: Mar | F94: Nis | G94: May | H94: Haz | I94: Tem | J94: Ağu | K94: Eyl | L94: Eki | M94: Kas | N94: Ara | O94: Yıllık Toplam | Q94: =A94 -> Dilara Bogu — Direk Satış | S94: Q1 | T94: Q2 | U94: Q3 | V94: Q4 | W94: Yıllık Toplam
A95: Varuna | B95: Yeni Satış | O95: =SUM(C95:N95) -> 0 | Q95: =A95 -> Varuna | R95: =B95 -> Yeni Satış | S95: =SUM(C95:E95) -> 0 | T95: =SUM(F95:H95) -> 0 | U95: =SUM(I95:K95) -> 0 | V95: =SUM(L95:N95) -> 0 | W95: =SUM(S95:V95) -> 0
A96: Varuna | B96: Yenileme | C96: ='SatışEkibi YS-Yen. Hed - 600'!$F$56*'Satış YS-Yen.Hed (Ayık) - 600'!C$2 -> 272.6025 | D96: ='SatışEkibi YS-Yen. Hed - 600'!$F$56*'Satış YS-Yen.Hed (Ayık) - 600'!D$2 -> 272.6025 | E96: ='SatışEkibi YS-Yen. Hed - 600'!$F$56*'Satış YS-Yen.Hed (Ayık) - 600'!E$2 -> 310.8625 | F96: ='SatışEkibi YS-Yen. Hed - 600'!$F$56*'Satış YS-Yen.Hed (Ayık) - 600'!F$2 -> 303.68875 | G96: ='SatışEkibi YS-Yen. Hed - 600'!$F$56*'Satış YS-Yen.Hed (Ayık) - 600'!G$2 -> 303.68875 | H96: ='SatışEkibi YS-Yen. Hed - 600'!$F$56*'Satış YS-Yen.Hed (Ayık) - 600'!H$2 -> 344.34 | I96: ='SatışEkibi YS-Yen. Hed - 600'!$F$56*'Satış YS-Yen.Hed (Ayık) - 600'!I$2 -> 286.95 | J96: ='SatışEkibi YS-Yen. Hed - 600'!$F$56*'Satış YS-Yen.Hed (Ayık) - 600'!J$2 -> 289.34125 | ... N96: ='SatışEkibi YS-Yen. Hed - 600'!$F$56*'Satış YS-Yen.Hed (Ayık) - 600'!N$2 -> 413.68625 | O96: =SUM(C96:N96) -> 3826 | Q96: =A96 -> Varuna | R96: =B96 -> Yenileme | S96: =SUM(C96:E96) -> 856.0675 | T96: =SUM(F96:H96) -> 951.7175 | U96: =SUM(I96:K96) -> 882.37125 | V96: =SUM(L96:N96) -> 1135.8438 | W96: =SUM(S96:V96) -> 3826
A97: Toplam | B97: Yeni Satış | C97: =C95 -> 0 | D97: =D95 -> 0 | E97: =E95 -> 0 | F97: =F95 -> 0 | G97: =G95 -> 0 | H97: =H95 -> 0 | I97: =I95 -> 0 | J97: =J95 -> 0 | ... N97: =N95 -> 0 | O97: =SUMIF(B95:B96,"Yeni Satış",O95:O96) -> 0 | Q97: Toplam | R97: =B97 -> Yeni Satış | S97: =SUMIF(R95:R96,"Yeni Satış",S95:S96) -> 0 | T97: =SUMIF(R95:R96,"Yeni Satış",T95:T96) -> 0 | U97: =SUMIF(R95:R96,"Yeni Satış",U95:U96) -> 0 | V97: =SUMIF(R95:R96,"Yeni Satış",V95:V96) -> 0 | W97: =SUM(S97:V97) -> 0
A98: Toplam | B98: Yenileme | C98: =C96 -> 272.6025 | D98: =D96 -> 272.6025 | E98: =E96 -> 310.8625 | F98: =F96 -> 303.68875 | G98: =G96 -> 303.68875 | H98: =H96 -> 344.34 | I98: =I96 -> 286.95 | J98: =J96 -> 289.34125 | ... N98: =N96 -> 413.68625 | O98: =SUMIF(B95:B96,"Yenileme",O95:O96) -> 3826 | Q98: Toplam | R98: =B98 -> Yenileme | S98: =SUMIF(R95:R96,"Yenileme",S95:S96) -> 856.0675 | T98: =SUMIF(R95:R96,"Yenileme",T95:T96) -> 951.7175 | U98: =SUMIF(R95:R96,"Yenileme",U95:U96) -> 882.37125 | V98: =SUMIF(R95:R96,"Yenileme",V95:V96) -> 1135.8438 | W98: =SUM(S98:V98) -> 3826
A99: Genel Toplam | B99: YS + Yen. | C99: =SUM(C97:C98) -> 272.6025 | D99: =SUM(D97:D98) -> 272.6025 | E99: =SUM(E97:E98) -> 310.8625 | F99: =SUM(F97:F98) -> 303.68875 | G99: =SUM(G97:G98) -> 303.68875 | H99: =SUM(H97:H98) -> 344.34 | I99: =SUM(I97:I98) -> 286.95 | J99: =SUM(J97:J98) -> 289.34125 | ... N99: =SUM(N97:N98) -> 413.68625 | O99: =O97+O98 -> 3826 | Q99: Genel Toplam | R99: =B99 -> YS + Yen. | S99: =S97+S98 -> 856.0675 | T99: =T97+T98 -> 951.7175 | U99: =U97+U98 -> 882.37125 | V99: =V97+V98 -> 1135.8438 | W99: =W97+W98 -> 3826
A101: Derya Kömleksiz — Kanal Satış | C101: Oca | D101: Şub | E101: Mar | F101: Nis | G101: May | H101: Haz | I101: Tem | J101: Ağu | K101: Eyl | L101: Eki | M101: Kas | N101: Ara | O101: Yıllık Toplam | Q101: =A101 -> Derya Kömleksiz — Kanal Satış | S101: Q1 | T101: Q2 | U101: Q3 | V101: Q4 | W101: Yıllık Toplam
A102: Enroute | B102: Yeni Satış | C102: ='SatışEkibi YS-Yen. Hed - 600'!$B$61*C$2 -> 178.125 | D102: ='SatışEkibi YS-Yen. Hed - 600'!$B$61*D$2 -> 178.125 | E102: ='SatışEkibi YS-Yen. Hed - 600'!$B$61*E$2 -> 203.125 | F102: ='SatışEkibi YS-Yen. Hed - 600'!$B$61*F$2 -> 198.4375 | G102: ='SatışEkibi YS-Yen. Hed - 600'!$B$61*G$2 -> 198.4375 | H102: ='SatışEkibi YS-Yen. Hed - 600'!$B$61*H$2 -> 225 | I102: ='SatışEkibi YS-Yen. Hed - 600'!$B$61*I$2 -> 187.5 | J102: ='SatışEkibi YS-Yen. Hed - 600'!$B$61*J$2 -> 189.0625 | ... N102: ='SatışEkibi YS-Yen. Hed - 600'!$B$61*N$2 -> 270.3125 | O102: =SUM(C102:N102) -> 2500 | Q102: =A102 -> Enroute | R102: =B102 -> Yeni Satış | S102: =SUM(C102:E102) -> 559.375 | T102: =SUM(F102:H102) -> 621.875 | U102: =SUM(I102:K102) -> 576.5625 | V102: =SUM(L102:N102) -> 742.1875 | W102: =SUM(S102:V102) -> 2500
